Protocol,Flow Duration,Flow Byts/s,Flow Pkts/s,Flow IAT Mean,Flow IAT Std,Flow IAT Max,Flow IAT Min,Pkt Num,Pkt Len Min,Pkt Len Max,Pkt Len Mean,Pkt Len Std,FIN Flag Cnt,SYN Flag Cnt,RST Flag Cnt,PSH Flag Cnt,Label
17,11968,32.0855614973262,0.6684491978609626,1709,242720,2000,973,8,48,48,48,0,0,0,0,0,BENIGN
17,12000,32.0,0.6666666666666666,1714,227214,2000,1010,8,48,48,48,0,0,0,0,0,BENIGN
17,10984,30.58994901675164,0.6372906045156591,1830,170336,2006,989,7,48,48,48,0,0,0,0,0,BENIGN
17,11978,28.05142761729838,0.5844047420270496,1996,72,2006,1983,7,48,48,48,0,0,0,0,0,BENIGN
17,1995,96.2406015037594,2.0050125313283207,665,1326342,1995,0,4,48,48,48,0,0,0,0,0,BENIGN
17,12965,25.915927497107596,0.5399151561897416,2160,159657,2976,1988,7,48,48,48,0,0,0,0,0,BENIGN
17,11964,28.084252758274825,0.5850885991307255,1994,167,2001,1969,7,48,48,48,0,0,0,0,0,BENIGN
17,12965,25.915927497107596,0.5399151561897416,2160,157363,2970,1995,7,48,48,48,0,0,0,0,0,BENIGN
17,9966,28.898254063816978,0.6020469596628537,1993,130,2001,1975,6,48,48,48,0,0,0,0,0,BENIGN
17,15994,18.006752532199574,0.3751406777541578,3198,3223047,6009,1984,6,48,48,48,0,0,0,0,0,BENIGN
6,42806,459.14124188197917,1.3783114516656543,738,7248542,18402,0,59,0,3069,333,198879,0,2,0,54,BENIGN
6,42367,191.0449170344844,0.7317015601765525,1412,14288082,19195,0,31,0,3069,261,407627,0,2,0,28,BENIGN
17,14982,9.61153384060873,0.2002402883460152,7491,12550050,9996,4986,3,48,48,48,0,0,0,0,0,BENIGN
6,8390,3513.5876042908226,3.575685339690107,289,1342104,6001,0,30,0,2864,982,894989,1,1,0,13,BENIGN
6,32546,8.849013703680944,0.12290296810667978,10848,353080705,32546,0,4,72,72,72,0,0,0,0,4,BENIGN
6,35888,70.44137316094516,0.22291573785109228,5126,147746450,32547,0,8,316,316,316,0,0,0,0,8,BENIGN
6,26321,16.41275027544546,0.22795486493674252,5264,138186965,26293,0,6,72,72,72,0,0,0,0,6,BENIGN
6,26321,72.03373732001064,0.22795486493674252,5264,138187609,26293,0,6,316,316,316,0,0,0,0,6,BENIGN
6,57288,7.5408462505236695,0.10473397570171764,11457,247562956,30332,0,6,72,72,72,0,0,0,0,6,BENIGN
6,57288,33.095936321742776,0.10473397570171764,11457,247562956,30332,0,6,316,316,316,0,0,0,0,6,BENIGN
6,21877,13.164510673309868,0.18284042601819261,7292,159530730,21877,0,4,72,72,72,0,0,0,0,4,BENIGN
6,21877,57.77757462174887,0.18284042601819261,7292,159530730,21877,0,4,316,316,316,0,0,0,0,4,BENIGN
6,43479,333.4943305963799,0.8739851422525817,1175,16669592,21183,0,38,126,1173,381,86902,0,0,0,38,BENIGN
6,43479,173.32505347409094,0.7359874882127004,1402,19819188,21177,0,32,72,632,235,29124,0,0,0,32,BENIGN
6,8395,3511.4949374627754,3.4544371649791543,299,1398756,6007,0,29,0,2864,1016,943140,1,1,0,13,BENIGN
6,49375,51.2,0.1620253164556962,7053,256456021,42964,0,8,316,316,316,0,0,0,0,8,BENIGN
6,42964,6.703286472395494,0.09310120100549298,14321,615301765,42964,0,4,72,72,72,0,0,0,0,4,BENIGN
6,43818,158.4280432698891,0.3423250718882651,3129,136994987,43797,0,15,0,3069,462,786788,0,2,0,12,BENIGN
6,43797,180.78863849122087,0.3424892115898349,3128,136870147,43777,0,15,0,3069,527,744655,0,2,0,12,BENIGN
6,39448,14.601500709795173,0.2027986209693774,5635,80567061,22698,0,8,72,72,72,0,0,0,0,8,BENIGN
6,39448,64.08436422632326,0.2027986209693774,5635,80564753,22697,0,8,316,316,316,0,0,0,0,8,BENIGN
17,1,96000.0,2000.0,1,1,1,1,2,48,48,48,0,0,0,0,0,BENIGN
6,59048,7.316081831730118,0.1016122476629183,11809,522365920,52366,0,6,72,72,72,0,0,0,0,6,BENIGN
6,59048,32.10947026148219,0.1016122476629183,11809,522365920,52366,0,6,316,316,316,0,0,0,0,6,BENIGN
6,34768,12.42521859180856,0.17257248044178555,6953,241081212,34729,0,6,72,72,72,0,0,0,0,6,BENIGN
6,34768,54.532903819604236,0.17257248044178555,6953,241081212,34729,0,6,316,316,316,0,0,0,0,6,BENIGN
6,363,1586.7768595041323,22.038567493112946,51,17938,356,0,8,72,72,72,0,0,0,0,8,BENIGN
6,955,3970.6806282722514,12.565445026178011,86,39349,592,0,12,316,316,316,0,0,0,0,12,BENIGN
6,48132,5.983545250560957,0.08310479514667997,16044,772229808,48132,0,4,72,72,72,0,0,0,0,4,BENIGN
6,48132,26.261115266350867,0.08310479514667997,16044,772229808,48132,0,4,316,316,316,0,0,0,0,4,BENIGN
6,59765,4.818873922864553,0.0669288044842299,19921,1190608447,59765,0,4,72,72,72,0,0,0,0,4,BENIGN
6,59765,21.14950221701665,0.0669288044842299,19921,1190608447,59765,0,4,316,316,316,0,0,0,0,4,BENIGN
17,10993,30.56490493950696,0.636768852906395,1832,157811,2001,1022,7,48,48,48,0,0,0,0,0,BENIGN
17,11570,29.040622299049264,0.6050129645635264,1928,25462,2000,1604,7,48,48,48,0,0,0,0,0,BENIGN
17,12992,25.862068965517242,0.5387931034482759,2165,171456,3010,1990,7,48,48,48,0,0,0,0,0,BENIGN
17,13990,24.017155110793425,0.5003573981415297,2331,664229,3995,1995,7,48,48,48,0,0,0,0,0,BENIGN
17,11960,28.093645484949832,0.5852842809364549,1993,147,2001,1971,7,48,48,48,0,0,0,0,0,BENIGN
17,12960,25.925925925925927,0.5401234567901234,2160,155918,2966,1994,7,48,48,48,0,0,0,0,0,BENIGN
17,10992,30.56768558951965,0.6368267831149927,1832,161663,2000,1012,7,48,48,48,0,0,0,0,0,BENIGN
17,13999,27.430530752196585,0.5714693906707622,1999,337112,3018,1007,8,48,48,48,0,0,0,0,0,BENIGN
17,1941,49.45904173106646,1.0303967027305512,1941,1,1941,1941,2,48,48,48,0,0,0,0,0,BENIGN
17,14999,22.401493432895528,0.4666977798519901,2499,1513271,5010,1995,7,48,48,48,0,0,0,0,0,BENIGN
17,6005,31.973355537052456,0.6661115736885929,2001,12019007,6005,0,4,48,48,48,0,0,0,0,0,BENIGN
17,14961,22.458391818728696,0.4678831628901811,2493,1467915,4966,1995,7,48,48,48,0,0,0,0,0,BENIGN
17,14922,22.51708886208283,0.46910601796005896,2487,1435935,4932,1989,7,48,48,48,0,0,0,0,0,BENIGN
17,5969,16.083095995979225,0.3350644999162339,5969,1,5969,5969,2,48,48,48,0,0,0,0,0,BENIGN
17,59984,1.6004267804747934,0.03334222459322486,59984,1,59984,59984,2,48,48,48,0,0,0,0,0,BENIGN
6,34,199941.17647058822,382.3529411764706,2,82,31,0,13,0,3069,522,888390,0,2,0,10,BENIGN
6,27,269851.85185185185,481.48148148148147,2,57,25,0,13,0,3069,560,860077,0,2,0,10,BENIGN
6,52220,24.818077364994256,0.34469551895825357,3071,78129846,31168,0,18,72,72,72,0,0,0,0,18,BENIGN
6,52222,108.91961242388265,0.344682317797097,3071,78131718,31168,0,18,316,316,316,0,0,0,0,18,BENIGN
6,32,13500.0,187.5,6,90,22,0,6,72,72,72,0,0,0,0,6,BENIGN
6,32,59250.0,187.5,6,85,21,0,6,316,316,316,0,0,0,0,6,BENIGN
17,1992,48.19277108433735,1.0040160642570282,1992,1,1992,1992,2,48,48,48,0,0,0,0,0,BENIGN
6,32298,17.833921605052943,0.24769335562573533,4614,148647653,32263,0,8,72,72,72,0,0,0,0,8,BENIGN
6,32298,78.27110037773237,0.24769335562573533,4614,148647653,32263,0,8,316,316,316,0,0,0,0,8,BENIGN
6,31171,23.09839273683873,0.3208110102338712,3463,27226097,11573,0,10,72,72,72,0,0,0,0,10,BENIGN
6,31171,101.3762792339033,0.3208110102338712,3463,27225829,11572,0,10,316,316,316,0,0,0,0,10,BENIGN
17,11937,32.168886654938426,0.6701851386445505,1705,251451,2009,953,8,48,48,48,0,0,0,0,0,BENIGN
17,12984,25.87800369685767,0.5391250770178682,2164,168107,3000,1983,7,48,48,48,0,0,0,0,0,BENIGN
17,10994,30.562124795342914,0.6367109332363107,1832,166558,2015,1000,7,48,48,48,0,0,0,0,0,BENIGN
17,11993,28.016342866672225,0.5836738097223381,1998,32,2004,1988,7,48,48,48,0,0,0,0,0,BENIGN
17,963,99.68847352024922,2.0768431983385254,963,1,963,963,2,48,48,48,0,0,0,0,0,BENIGN
17,11995,28.011671529804087,0.5835764902042517,1999,93,2016,1989,7,48,48,48,0,0,0,0,0,BENIGN
17,10984,30.58994901675164,0.6372906045156591,1830,165812,2000,1000,7,48,48,48,0,0,0,0,0,BENIGN
17,11984,28.037383177570092,0.5841121495327103,1997,22,2000,1990,7,48,48,48,0,0,0,0,0,BENIGN
17,13995,24.008574490889604,0.5001786352268668,2332,672829,4006,1989,7,48,48,48,0,0,0,0,0,BENIGN
17,13903,24.16744587499101,0.5034884557289794,2317,608530,3909,1994,7,48,48,48,0,0,0,0,0,BENIGN
17,13914,24.148339801638638,0.5030904125341383,2319,619304,3925,1989,7,48,48,48,0,0,0,0,0,BENIGN
17,10985,30.587164314974967,0.6372325898953118,1830,169795,2001,990,7,48,48,48,0,0,0,0,0,BENIGN
17,14949,22.476419827413206,0.46825874640444176,2491,1471360,4967,1983,7,48,48,48,0,0,0,0,0,BENIGN
17,9990,28.82882882882883,0.6006006006006006,1998,18,2005,1994,6,48,48,48,0,0,0,0,0,BENIGN
6,29288,270.34963124829284,0.51215514886643,2092,61150323,29263,0,15,0,3069,527,744655,0,2,0,12,BENIGN
6,29554,234.89206198822495,0.5075455099140557,2111,62082521,29487,0,15,0,3069,462,786788,0,2,0,12,BENIGN
6,128,26343.75,187.5,5,130,42,0,24,0,440,140,29737,0,2,0,16,BENIGN
6,35857,59.34684998745015,0.3904398025490141,2758,26250175,15109,0,14,72,632,152,41387,0,0,0,14,BENIGN
6,35859,341.11380685462507,1.0597060710003068,969,10525985,15109,0,38,126,1139,321,45065,0,0,0,38,BENIGN
6,50686,33.46091622933354,0.15783451051572425,7240,359899683,50262,0,8,72,632,212,67200,0,0,0,8,BENIGN
6,50793,71.78154470104148,0.23625302699190834,4617,127971632,36331,0,12,243,316,303,814,0,0,0,12,BENIGN
6,34363,12.571661379972644,0.17460640805517563,6872,224938782,33697,0,6,72,72,72,0,0,0,0,6,BENIGN
6,34363,55.175624945435494,0.17460640805517563,6872,224941092,33697,0,6,316,316,316,0,0,0,0,6,BENIGN
6,48072,11.98202695956066,0.16641704110500916,6867,329083857,48007,0,8,72,72,72,0,0,0,0,8,BENIGN
6,48072,52.58778498918289,0.16641704110500916,6867,329083857,48007,0,8,316,316,316,0,0,0,0,8,BENIGN
6,314,12343.949044585986,76.43312101910828,13,2410,231,0,24,0,440,161,35489,0,2,0,16,BENIGN
6,36,8000.0,111.11111111111111,12,432,36,0,4,72,72,72,0,0,0,0,4,BENIGN
6,36,35111.11111111111,111.11111111111111,12,432,36,0,4,316,316,316,0,0,0,0,4,BENIGN
6,48278,49.62923070549733,0.37284063134346906,2839,47260211,23921,0,18,72,622,133,31647,0,0,0,18,BENIGN
6,48277,178.71864448909417,0.49713113905172235,2099,34532551,23757,0,24,241,913,359,29530,0,0,0,24,BENIGN
6,48451,14.860374398877216,0.20639408887329466,5383,50415704,16494,0,10,72,72,72,0,0,0,0,10,BENIGN
6,48456,91.29932309724286,0.28892190853557864,3727,35505347,16499,0,14,316,316,316,0,0,0,0,14,BENIGN
6,59871,156.6033638990496,0.701508242721852,1460,13115962,16183,0,42,72,632,223,34823,0,0,0,42,BENIGN
6,59871,292.52893721501226,0.8351288603831571,1221,11330221,13008,0,50,0,1173,350,72809,0,0,0,48,BENIGN
6,51087,16.91232603206295,0.23489341711198544,4644,48792424,16442,0,12,72,72,72,0,0,0,0,12,BENIGN
6,51087,74.2263198073874,0.23489341711198544,4644,48789270,16442,0,12,316,316,316,0,0,0,0,12,BENIGN
6,54770,132.00657294139128,0.3469052400949425,3042,43418584,18397,0,19,0,3069,380,639010,0,2,0,16,BENIGN
6,51574,178.03544421607788,0.3684026835227052,2865,40042035,16822,0,19,0,3069,483,587191,0,2,0,16,BENIGN
6,55835,12.895137458583326,0.17909913136921285,6203,61980607,17108,0,10,72,72,72,0,0,0,0,10,BENIGN
6,55834,56.59633914818927,0.17910233907654835,6203,61975946,17106,0,10,316,316,316,0,0,0,0,10,BENIGN
6,49571,14.524621250327813,0.2017308506989974,5507,49917419,16411,0,10,72,72,72,0,0,0,0,10,BENIGN
6,49571,63.746948820883176,0.2017308506989974,5507,49917217,16411,0,10,316,316,316,0,0,0,0,10,BENIGN
6,48324,11.919543084181774,0.16554920950252464,6903,74363721,17064,0,8,72,72,72,0,0,0,0,8,BENIGN
6,48324,52.313550202797785,0.16554920950252464,6903,74363721,17064,0,8,316,316,316,0,0,0,0,8,BENIGN
6,48503,14.84444261179721,0.20617281405273902,5389,49166038,16442,0,10,72,72,72,0,0,0,0,10,BENIGN
6,48502,65.15195249680426,0.20617706486330462,5389,49164281,16442,0,10,316,316,316,0,0,0,0,10,BENIGN
6,48015,11.996251171508904,0.16661459960429031,6859,73270235,16403,0,8,72,72,72,0,0,0,0,8,BENIGN
6,48015,52.65021347495574,0.16661459960429031,6859,73270235,16403,0,8,316,316,316,0,0,0,0,8,BENIGN
6,47537,18.1753160695879,0.2524349454109431,4321,38969946,15853,0,12,72,72,72,0,0,0,0,12,BENIGN
6,47537,79.769442749858,0.2524349454109431,4321,38965529,15852,0,12,316,316,316,0,0,0,0,12,BENIGN
6,49075,14.67142129393785,0.20376974019358127,5452,64563505,16923,0,10,72,72,72,0,0,0,0,10,BENIGN
6,49075,64.39123790117168,0.20376974019358127,5452,64566632,16924,0,10,316,316,316,0,0,0,0,10,BENIGN
6,48706,11.826058391163306,0.16425081098837926,6958,75364474,16717,0,8,72,72,72,0,0,0,0,8,BENIGN
6,48706,51.903256272327845,0.16425081098837926,6958,75364474,16717,0,8,316,316,316,0,0,0,0,8,BENIGN
6,48392,11.902793850223178,0.1653165812530997,6913,74589633,17011,0,8,72,72,72,0,0,0,0,8,BENIGN
6,48391,52.24111921638321,0.16531999752020005,6913,74583271,17005,0,8,316,316,316,0,0,0,0,8,BENIGN
6,55184,15.656712090461003,0.21745433458973615,5016,49130821,16175,0,12,72,72,72,0,0,0,0,12,BENIGN
6,55186,68.71307940419672,0.2174464538107491,5016,49132779,16175,0,12,316,316,316,0,0,0,0,12,BENIGN
6,50470,17.119080641965525,0.23776500891618785,4588,55451501,17105,0,12,72,72,72,0,0,0,0,12,BENIGN
6,50470,75.13374281751535,0.23776500891618785,4588,55451501,17105,0,12,316,316,316,0,0,0,0,12,BENIGN
6,49173,14.642181685071076,0.20336363451487605,5463,53353978,17051,0,10,72,72,72,0,0,0,0,10,BENIGN
6,49173,64.26290850670082,0.20336363451487605,5463,53354372,17052,0,10,316,316,316,0,0,0,0,10,BENIGN
6,52726,142.58620035656034,0.43621742593786744,2396,22059537,16320,0,23,0,3069,326,537416,0,2,0,20,BENIGN
6,59640,185.74782025486252,0.41918175720992623,2485,21714071,16320,0,25,0,3069,443,445963,0,2,0,22,BENIGN
6,54352,15.89637915808066,0.22078304386223138,4941,43718189,15857,0,12,72,72,72,0,0,0,0,12,BENIGN
6,47724,66.2140642024977,0.20953817785600537,5302,51095480,15857,0,10,316,316,316,0,0,0,0,10,BENIGN
6,47310,15.218769816106532,0.2113718030014796,5256,60303797,16098,0,10,72,72,72,0,0,0,0,10,BENIGN
6,47310,66.79348974846755,0.2113718030014796,5256,60313017,16098,0,10,316,316,316,0,0,0,0,10,BENIGN
6,48487,14.84934106049044,0.20624084806236723,5387,49799965,16466,0,10,72,72,72,0,0,0,0,10,BENIGN
6,48487,65.17210798770805,0.20624084806236723,5387,49799092,16466,0,10,316,316,316,0,0,0,0,10,BENIGN
6,47877,12.030828999310733,0.16709484721264908,6839,72874358,16355,0,8,72,72,72,0,0,0,0,8,BENIGN
6,47875,52.80417754569191,0.1671018276762402,6839,72869551,16353,0,8,316,316,316,0,0,0,0,8,BENIGN
6,50192,14.344915524386357,0.1992349378386994,5576,62171260,17007,0,10,72,72,72,0,0,0,0,10,BENIGN
6,50192,62.958240357029005,0.1992349378386994,5576,62168663,17002,0,10,316,316,316,0,0,0,0,10,BENIGN
6,49970,11.526916149689814,0.16009605763458074,7138,79304127,16933,0,8,72,72,72,0,0,0,0,8,BENIGN
6,49970,50.590354212527515,0.16009605763458074,7138,79304127,16933,0,8,316,316,316,0,0,0,0,8,BENIGN
6,50155,11.484398365068289,0.15950553284817068,7165,79975361,17139,0,8,72,72,72,0,0,0,0,8,BENIGN
6,50156,50.40274344046575,0.15950235265970172,7165,79980676,17140,0,8,316,316,316,0,0,0,0,8,BENIGN
6,48203,17.924195589486132,0.24894716096508515,4382,43771892,16059,0,12,72,72,72,0,0,0,0,12,BENIGN
6,48202,78.66893489896685,0.24895232562964192,4382,43767105,16059,0,12,316,316,316,0,0,0,0,12,BENIGN
6,51239,19.672515076406643,0.2732293760612034,3941,44397865,17039,0,14,72,72,72,0,0,0,0,14,BENIGN
6,51239,86.34048283534027,0.2732293760612034,3941,44403245,17041,0,14,316,316,316,0,0,0,0,14,BENIGN
6,49245,14.620773682607371,0.2030663011473246,5471,67141796,16940,0,10,72,72,72,0,0,0,0,10,BENIGN
6,49245,64.16895116255458,0.2030663011473246,5471,67136958,16940,0,10,316,316,316,0,0,0,0,10,BENIGN
6,47775,12.056514913657772,0.1674515960230246,6825,72616462,16617,0,8,72,72,72,0,0,0,0,8,BENIGN
6,47775,52.91470434327577,0.1674515960230246,6825,72616462,16617,0,8,316,316,316,0,0,0,0,8,BENIGN
6,48306,11.92398459818656,0.16561089719703556,6900,74124644,16539,0,8,72,72,72,0,0,0,0,8,BENIGN
6,48306,52.33304351426324,0.16561089719703556,6900,74124644,16539,0,8,316,316,316,0,0,0,0,8,BENIGN
6,47893,150.96151838473264,0.3967176831687303,2660,37170836,16478,0,19,0,3069,380,639010,0,2,0,16,BENIGN
6,47715,192.43424499633238,0.3981976317719795,2650,37192110,16478,0,19,0,3069,483,587191,0,2,0,16,BENIGN
6,48497,14.846279151287709,0.20619832154566262,5388,54141507,16510,0,10,72,72,72,0,0,0,0,10,BENIGN
6,48497,65.15866960842939,0.20619832154566262,5388,54141507,16510,0,10,316,316,316,0,0,0,0,10,BENIGN
6,48428,11.893945651276121,0.16519368960105724,6918,74565791,16493,0,8,72,72,72,0,0,0,0,8,BENIGN
6,48427,52.20228384991844,0.16519710079088112,6918,74563046,16493,0,8,316,316,316,0,0,0,0,8,BENIGN
17,1,96000.0,2000.0,1,1,1,1,2,48,48,48,0,0,0,0,0,BENIGN
6,48489,17.81847429313865,0.2474788096269257,4408,35996137,16485,0,12,72,72,72,0,0,0,0,12,BENIGN
6,48489,78.20330384210853,0.2474788096269257,4408,35996137,16485,0,12,316,316,316,0,0,0,0,12,BENIGN
6,47440,15.177065767284992,0.21079258010118043,5271,60000690,16501,0,10,72,72,72,0,0,0,0,10,BENIGN
6,47440,66.61045531197301,0.21079258010118043,5271,60000690,16501,0,10,316,316,316,0,0,0,0,10,BENIGN
6,47393,12.153693583440592,0.16880129977000824,6770,71419218,16483,0,8,72,72,72,0,0,0,0,8,BENIGN
6,47393,53.3412107273226,0.16880129977000824,6770,71418962,16482,0,8,316,316,316,0,0,0,0,8,BENIGN
6,47389,12.154719449661314,0.16881554791196268,6769,71410756,16490,0,8,72,72,72,0,0,0,0,8,BENIGN
6,47389,53.34571314018021,0.16881554791196268,6769,71411073,16491,0,8,316,316,316,0,0,0,0,8,BENIGN
6,47364,15.201418799087914,0.21113081665399883,5262,51292562,16480,0,10,72,72,72,0,0,0,0,10,BENIGN
6,47364,66.71733806266363,0.21113081665399883,5262,51292562,16480,0,10,316,316,316,0,0,0,0,10,BENIGN
6,58424,17.25318362316856,0.23962755032178557,4494,29668862,15481,0,14,72,72,72,0,0,0,0,14,BENIGN
6,58424,75.72230590168424,0.23962755032178557,4494,29669812,15481,0,14,316,316,316,0,0,0,0,14,BENIGN
6,48439,11.891244658229938,0.16515617580874914,6919,74603334,16507,0,8,72,72,72,0,0,0,0,8,BENIGN
6,48439,52.189351555564734,0.16515617580874914,6919,74603334,16507,0,8,316,316,316,0,0,0,0,8,BENIGN
6,48437,14.864669570782667,0.20645374403864813,5381,49317674,16492,0,10,72,72,72,0,0,0,0,10,BENIGN
6,48437,65.2393831162128,0.20645374403864813,5381,49317674,16492,0,10,316,316,316,0,0,0,0,10,BENIGN
6,51948,96.4040964040964,0.539000539000539,1924,24432776,16476,0,28,72,240,178,6564,0,0,0,28,BENIGN
6,51948,131.63163163163162,0.2695002695002695,3996,35295528,16476,0,14,316,1173,488,99965,0,0,0,14,BENIGN
6,48557,17.793521016537266,0.24713223634079534,4414,37895874,16535,0,12,72,72,72,0,0,0,0,12,BENIGN
6,48557,116.11096237411702,0.2883209423975946,3735,28322114,16535,0,14,316,923,402,48676,0,0,0,14,BENIGN
6,48422,14.869274296807236,0.20651769856676716,5380,49003448,16472,0,10,72,72,72,0,0,0,0,10,BENIGN
6,48422,65.25959274709842,0.20651769856676716,5380,49003448,16472,0,10,316,316,316,0,0,0,0,10,BENIGN
6,48359,152.48454269112264,0.4342521557517732,2417,31061789,16466,0,21,0,3069,351,583875,0,2,0,18,BENIGN
6,48335,203.04127443881245,0.4344677769732078,2416,31069076,16466,0,21,0,3069,467,531095,0,2,0,18,BENIGN
6,47231,12.195380152865702,0.16938027990091253,6747,70931842,16423,0,8,72,72,72,0,0,0,0,8,BENIGN
6,47231,53.524168448688364,0.16938027990091253,6747,70931842,16423,0,8,316,316,316,0,0,0,0,8,BENIGN
6,57772,17.44789863601745,0.24233192550024232,4444,38178874,16440,0,14,72,72,72,0,0,0,0,14,BENIGN
6,57772,76.57688845807658,0.24233192550024232,4444,38179452,16440,0,14,316,316,316,0,0,0,0,14,BENIGN
6,48603,11.851120301215975,0.16459889307244407,6943,75156337,16761,0,8,72,72,72,0,0,0,0,8,BENIGN
6,48603,52.01325021089233,0.16459889307244407,6943,75156337,16761,0,8,316,316,316,0,0,0,0,8,BENIGN
6,48258,14.919806042521447,0.20721952836835345,5362,56800704,16424,0,10,72,72,72,0,0,0,0,10,BENIGN
6,48258,65.48137096439969,0.20721952836835345,5362,56800704,16424,0,10,316,316,316,0,0,0,0,10,BENIGN
6,56728,12.692144972500353,0.17627979128472712,6303,61330298,16419,0,10,72,72,72,0,0,0,0,10,BENIGN
6,56728,55.70441404597377,0.17627979128472712,6303,61324150,16418,0,10,316,316,316,0,0,0,0,10,BENIGN
6,59077,17.062477783232055,0.2369788581004452,4544,32403082,16422,0,14,72,72,72,0,0,0,0,14,BENIGN
6,59077,74.88531915974067,0.2369788581004452,4544,32403082,16422,0,14,316,316,316,0,0,0,0,14,BENIGN
6,48226,11.943764774188198,0.16588562186372496,6889,73948553,16418,0,8,72,72,72,0,0,0,0,8,BENIGN
6,48226,52.41985650893709,0.16588562186372496,6889,73948553,16418,0,8,316,316,316,0,0,0,0,8,BENIGN
6,48245,11.939061042595087,0.1658202922582651,6892,74002567,16419,0,8,72,72,72,0,0,0,0,8,BENIGN
6,48245,52.39921235361177,0.1658202922582651,6892,73997625,16418,0,8,316,316,316,0,0,0,0,8,BENIGN
6,54041,18.652504579856036,0.2590625636091116,4157,28914272,16429,0,14,72,72,72,0,0,0,0,14,BENIGN
6,54041,81.86377010047927,0.2590625636091116,4157,28912772,16429,0,14,316,316,316,0,0,0,0,14,BENIGN
6,48255,14.920733602735467,0.2072324111491037,5361,60794669,16421,0,10,72,72,72,0,0,0,0,10,BENIGN
6,48255,65.48544192311678,0.2072324111491037,5361,60794669,16421,0,10,316,316,316,0,0,0,0,10,BENIGN
6,48245,14.92382630324386,0.2072753653228314,5360,51630228,16429,0,10,72,72,72,0,0,0,0,10,BENIGN
6,48245,65.49901544201472,0.2072753653228314,5360,51630228,16429,0,10,316,316,316,0,0,0,0,10,BENIGN
6,48783,14.759239899145195,0.20498944304368324,5420,63944431,16416,0,10,72,72,72,0,0,0,0,10,BENIGN
6,48783,64.77666400180391,0.20498944304368324,5420,63944431,16416,0,10,316,316,316,0,0,0,0,10,BENIGN
6,48170,14.94706248702512,0.2075980900975711,5352,60061589,16419,0,10,72,72,72,0,0,0,0,10,BENIGN
6,48170,65.60099647083247,0.2075980900975711,5352,60057679,16418,0,10,316,316,316,0,0,0,0,10,BENIGN
6,58507,128.49744475020083,0.3931153537183585,2659,31155774,16429,0,23,0,3069,326,537416,0,2,0,20,BENIGN
6,58484,178.61295397031668,0.393269954175501,2658,31139236,16429,0,23,0,3069,454,484808,0,2,0,20,BENIGN
6,47865,21.05922908179254,0.29248929280267416,3681,25077971,13148,0,14,72,72,72,0,0,0,0,14,BENIGN
6,47865,92.42661652564504,0.29248929280267416,3681,25080178,13149,0,14,316,316,316,0,0,0,0,14,BENIGN
6,48239,11.940546031219553,0.16584091710027157,6891,73988410,16423,0,8,72,72,72,0,0,0,0,8,BENIGN
6,48239,52.405729803685816,0.16584091710027157,6891,73988410,16423,0,8,316,316,316,0,0,0,0,8,BENIGN
6,54062,13.318042247789576,0.18497280899707744,6006,59159573,16415,0,10,72,72,72,0,0,0,0,10,BENIGN
6,54062,58.451407643076465,0.18497280899707744,6006,59159024,16415,0,10,316,316,316,0,0,0,0,10,BENIGN
6,48238,11.940793565239023,0.1658443550727642,6891,73985569,16423,0,8,72,72,72,0,0,0,0,8,BENIGN
6,48238,52.40681620299349,0.1658443550727642,6891,73985569,16423,0,8,316,316,316,0,0,0,0,8,BENIGN
6,50197,14.343486662549555,0.19921509253541048,5577,59127064,16420,0,10,72,72,72,0,0,0,0,10,BENIGN
6,50197,62.951969241189715,0.19921509253541048,5577,59121705,16420,0,10,316,316,316,0,0,0,0,10,BENIGN
6,48232,11.942278984906286,0.1658649859014762,6890,73967491,16424,0,8,72,72,72,0,0,0,0,8,BENIGN
6,48232,52.41333554486648,0.1658649859014762,6890,73967491,16424,0,8,316,316,316,0,0,0,0,8,BENIGN
6,54682,33.64909842361289,0.1828755349109396,6075,60655554,16417,0,10,72,632,184,55773,0,0,0,10,BENIGN
6,54728,55.0723578424207,0.18272182429469375,6080,60660627,16417,0,10,243,316,301,948,0,0,0,10,BENIGN
6,47208,12.201321809862735,0.1694628029147602,6744,70867025,16429,0,8,72,72,72,0,0,0,0,8,BENIGN
6,47209,53.54911139825033,0.16945921328560232,6744,70869590,16429,0,8,316,316,316,0,0,0,0,8,BENIGN
6,59909,19.22916423241917,0.26707172545026625,3993,28950446,15392,0,16,72,72,72,0,0,0,0,16,BENIGN
6,59909,84.39466524228413,0.26707172545026625,3993,28950446,15392,0,16,316,316,316,0,0,0,0,16,BENIGN
6,49248,11.695906432748538,0.16244314489928524,7035,76992265,16418,0,8,72,72,72,0,0,0,0,8,BENIGN
6,49248,51.33203378817414,0.16244314489928524,7035,76992265,16418,0,8,316,316,316,0,0,0,0,8,BENIGN
6,47205,15.252621544327932,0.21184196589344348,5245,48505311,16416,0,10,72,72,72,0,0,0,0,10,BENIGN
6,47205,66.94206122232815,0.21184196589344348,5245,48505737,16416,0,10,316,316,316,0,0,0,0,10,BENIGN
6,55260,13.029315960912053,0.18096272167933405,6140,60814266,16432,0,10,72,72,72,0,0,0,0,10,BENIGN
6,55260,57.18422005066956,0.18096272167933405,6140,60814266,16432,0,10,316,316,316,0,0,0,0,10,BENIGN
6,47264,159.06398104265404,0.48662830060934326,2148,24246532,15903,0,23,0,3069,326,537416,0,2,0,20,BENIGN
6,47236,221.14488949106612,0.48691675840460663,2147,24252878,15903,0,23,0,3069,454,484808,0,2,0,20,BENIGN
6,49278,11.688786070863266,0.162344250984212,7039,77087944,16435,0,8,72,72,72,0,0,0,0,8,BENIGN
6,49278,51.300783311010996,0.162344250984212,7039,77087944,16435,0,8,316,316,316,0,0,0,0,8,BENIGN
6,48223,11.944507807477759,0.16589594177052444,6889,73935090,16421,0,8,72,72,72,0,0,0,0,8,BENIGN
6,48223,52.42311759948572,0.16589594177052444,6889,73935090,16421,0,8,316,316,316,0,0,0,0,8,BENIGN
6,47200,15.254237288135593,0.211864406779661,5244,47210001,16416,0,10,72,72,72,0,0,0,0,10,BENIGN
6,47200,66.94915254237289,0.211864406779661,5244,47210001,16416,0,10,316,316,316,0,0,0,0,10,BENIGN
6,49353,17.506534557169775,0.24314631329402467,4486,38120479,16413,0,12,72,72,72,0,0,0,0,12,BENIGN
6,49353,76.8342350009118,0.24314631329402467,4486,38120479,16413,0,12,316,316,316,0,0,0,0,12,BENIGN
6,48232,14.927848731132858,0.20733123237684525,5359,48017041,16418,0,10,72,72,72,0,0,0,0,10,BENIGN
6,48232,65.5166694310831,0.20733123237684525,5359,48017041,16418,0,10,316,316,316,0,0,0,0,10,BENIGN
6,47193,12.205199923717501,0.1695166656071875,6741,70818162,16414,0,8,72,72,72,0,0,0,0,8,BENIGN
6,47193,53.56726633187125,0.1695166656071875,6741,70818162,16414,0,8,316,316,316,0,0,0,0,8,BENIGN
6,48246,11.938813580400447,0.16581685528333956,6892,74011890,16433,0,8,72,72,72,0,0,0,0,8,BENIGN
6,48246,52.3981262695353,0.16581685528333956,6892,74011890,16433,0,8,316,316,316,0,0,0,0,8,BENIGN
6,49256,14.617508526879973,0.20302095176222187,5472,54980806,16420,0,10,72,72,72,0,0,0,0,10,BENIGN
6,49256,64.1546207568621,0.20302095176222187,5472,54980806,16420,0,10,316,316,316,0,0,0,0,10,BENIGN
6,47227,12.196413068795392,0.16939462595549157,6746,70924239,16434,0,8,72,72,72,0,0,0,0,8,BENIGN
6,47227,53.528701801935334,0.16939462595549157,6746,70924239,16434,0,8,316,316,316,0,0,0,0,8,BENIGN
6,48248,14.92289835848118,0.2072624772011275,5360,53192615,16428,0,10,72,72,72,0,0,0,0,10,BENIGN
6,48248,65.4949427955563,0.2072624772011275,5360,53192615,16428,0,10,316,316,316,0,0,0,0,10,BENIGN
6,49275,111.2937595129376,0.60882800608828,1699,22165604,16424,0,30,72,240,182,6296,0,0,0,30,BENIGN
6,49275,138.77219685438862,0.2841197361745307,3790,36505546,16424,0,14,316,1173,488,99951,0,0,0,14,BENIGN
6,48902,20.612653879186944,0.286286859433152,3761,41147296,15896,0,14,72,72,72,0,0,0,0,14,BENIGN
6,48902,90.46664758087604,0.286286859433152,3761,41147296,15896,0,14,316,316,316,0,0,0,0,14,BENIGN
6,48261,149.81040591782184,0.3936926296595595,2681,38045087,16438,0,19,0,3069,380,639010,0,2,0,16,BENIGN
6,48237,190.35180463129961,0.3938885088210295,2679,38018597,16418,0,19,0,3069,483,587191,0,2,0,16,BENIGN
6,47968,18.01200800533689,0.2501667778519013,4360,46091586,15396,0,12,72,72,72,0,0,0,0,12,BENIGN
6,47968,79.0527018012008,0.2501667778519013,4360,46094540,15396,0,12,316,316,316,0,0,0,0,12,BENIGN
6,48235,14.926920286099305,0.2073183373069348,5359,48555353,16423,0,10,72,72,72,0,0,0,0,10,BENIGN
6,48235,65.51259458899139,0.2073183373069348,5359,48553299,16423,0,10,316,316,316,0,0,0,0,10,BENIGN
6,49273,14.612465244657317,0.2029509061757961,5474,51853695,16427,0,10,72,72,72,0,0,0,0,10,BENIGN
6,49273,64.13248635155156,0.2029509061757961,5474,51853695,16427,0,10,316,316,316,0,0,0,0,10,BENIGN
6,47212,12.200288062357028,0.16944844531051428,6744,70877544,16422,0,8,72,72,72,0,0,0,0,8,BENIGN
6,47213,53.544574587507675,0.16944485628958125,6744,70875296,16422,0,8,316,316,316,0,0,0,0,8,BENIGN
6,51164,16.886873582988038,0.23453991087483386,4651,48228408,16413,0,12,72,72,72,0,0,0,0,12,BENIGN
6,51164,74.11461183644751,0.23453991087483386,4651,48226350,16413,0,12,316,316,316,0,0,0,0,12,BENIGN
6,48245,11.939061042595087,0.1658202922582651,6892,74006872,16429,0,8,72,72,72,0,0,0,0,8,BENIGN
6,48245,52.39921235361177,0.1658202922582651,6892,74006872,16429,0,8,316,316,316,0,0,0,0,8,BENIGN
6,47212,15.250360077946285,0.21181055663814286,5245,59555403,16424,0,10,72,72,72,0,0,0,0,10,BENIGN
6,47212,66.93213589765314,0.21181055663814286,5245,59551412,16423,0,10,316,316,316,0,0,0,0,10,BENIGN
6,48231,14.928158238477328,0.2073355310899629,5359,54196785,16425,0,10,72,72,72,0,0,0,0,10,BENIGN
6,48231,65.51802782442827,0.2073355310899629,5359,54196785,16425,0,10,316,316,316,0,0,0,0,10,BENIGN
6,52220,19.302949061662197,0.2680965147453083,4016,41953229,16429,0,14,72,72,72,0,0,0,0,14,BENIGN
6,52220,84.71849865951742,0.2680965147453083,4016,41953229,16429,0,14,316,316,316,0,0,0,0,14,BENIGN
6,47297,18.26754339598706,0.2537158804998203,4299,48899356,15735,0,12,72,72,72,0,0,0,0,12,BENIGN
6,47297,80.17421823794321,0.2537158804998203,4299,48899356,15735,0,12,316,316,316,0,0,0,0,12,BENIGN
6,47484,15.16300227445034,0.2105972538118103,5276,53550157,16420,0,10,72,72,72,0,0,0,0,10,BENIGN
6,47484,66.54873220453206,0.2105972538118103,5276,53550952,16420,0,10,316,316,316,0,0,0,0,10,BENIGN
6,49262,11.692582517965166,0.16239697941618286,7037,77037280,16427,0,8,72,72,72,0,0,0,0,8,BENIGN
6,49262,51.31744549551378,0.16239697941618286,7037,77037280,16427,0,8,316,316,316,0,0,0,0,8,BENIGN
6,48283,155.7069776111675,0.4763581384752397,2194,28575805,16290,0,23,0,3069,326,537416,0,2,0,20,BENIGN
6,48260,216.45254869457108,0.49730625777041026,2098,27488529,16290,0,24,0,1621,435,268224,0,2,0,20,BENIGN
6,48236,14.926610830085414,0.20731403930674186,5359,57171648,16421,0,10,72,72,72,0,0,0,0,10,BENIGN
6,48235,65.51259458899139,0.2073183373069348,5359,57172579,16421,0,10,316,316,316,0,0,0,0,10,BENIGN
6,48730,14.775292427662631,0.20521239482864764,5414,60265081,16422,0,10,72,72,72,0,0,0,0,10,BENIGN
6,48730,64.84711676585266,0.20521239482864764,5414,60265081,16422,0,10,316,316,316,0,0,0,0,10,BENIGN
6,48248,11.938318686784944,0.165809981760902,6892,74017173,16428,0,8,72,72,72,0,0,0,0,8,BENIGN
6,48248,52.395954236445036,0.165809981760902,6892,74017173,16428,0,8,316,316,316,0,0,0,0,8,BENIGN
6,48253,17.90562244834518,0.24868920067146083,4386,37033808,16428,0,12,72,72,72,0,0,0,0,12,BENIGN
6,48253,78.58578741218163,0.24868920067146083,4386,37033808,16428,0,12,316,316,316,0,0,0,0,12,BENIGN
6,48234,14.927229754944644,0.2073226354853423,5359,51998662,16420,0,10,72,72,72,0,0,0,0,10,BENIGN
6,48234,65.51395281336816,0.2073226354853423,5359,51998662,16420,0,10,316,316,316,0,0,0,0,10,BENIGN
6,48218,14.932183002198348,0.2073914305860882,5357,51089956,16417,0,10,72,72,72,0,0,0,0,10,BENIGN
6,48218,65.53569206520386,0.2073914305860882,5357,51089956,16417,0,10,316,316,316,0,0,0,0,10,BENIGN
6,48270,14.916096954630206,0.20716801325875284,5363,53028824,16427,0,10,72,72,72,0,0,0,0,10,BENIGN
6,48270,65.4650921897659,0.20716801325875284,5363,53028824,16427,0,10,316,316,316,0,0,0,0,10,BENIGN
6,48252,14.921661278288983,0.20724529553179144,5361,55895805,16425,0,10,72,72,72,0,0,0,0,10,BENIGN
6,48252,103.74699494321479,0.2486943546381497,4386,45670665,16425,0,12,316,923,417,55983,0,0,0,12,BENIGN
6,47757,21.106853445568188,0.2931507422995582,3673,38433953,16225,0,14,72,72,72,0,0,0,0,14,BENIGN
6,47756,92.63757433620906,0.29315688081078817,3673,38427955,16223,0,14,316,316,316,0,0,0,0,14,BENIGN
6,48284,17.89412641868942,0.24852953359290864,4389,31889116,15395,0,12,72,72,72,0,0,0,0,12,BENIGN
6,48284,78.53533261535912,0.24852953359290864,4389,31888069,15395,0,12,316,316,316,0,0,0,0,12,BENIGN
6,47244,15.24003048006096,0.21166709000084666,5249,46276299,15399,0,10,72,72,72,0,0,0,0,10,BENIGN
6,47244,66.88680044026755,0.21166709000084666,5249,46276299,15399,0,10,316,316,316,0,0,0,0,10,BENIGN
6,51302,14.034540563720713,0.194924174496121,5700,61619930,16419,0,10,72,72,72,0,0,0,0,10,BENIGN
6,51302,61.59603914077424,0.194924174496121,5700,61619930,16419,0,10,316,316,316,0,0,0,0,10,BENIGN
6,48251,17.906364634929847,0.24869950881847008,4386,48804616,16421,0,12,72,72,72,0,0,0,0,12,BENIGN
6,48251,78.58904478663655,0.24869950881847008,4386,48807419,16421,0,12,316,316,316,0,0,0,0,12,BENIGN
6,54413,138.1655119181078,0.422693106426773,2473,25716908,15426,0,23,0,3069,326,537416,0,2,0,20,BENIGN
6,54386,192.07148898613613,0.4229029529658368,2472,25691000,15403,0,23,0,3069,454,484808,0,2,0,20,BENIGN
6,48307,14.904672200716252,0.20700933612105907,5367,50334927,16473,0,10,72,72,72,0,0,0,0,10,BENIGN
6,48307,65.41495021425466,0.20700933612105907,5367,50334927,16473,0,10,316,316,316,0,0,0,0,10,BENIGN
6,58733,12.258866395382494,0.1702620332692013,6525,62869634,16416,0,10,72,72,72,0,0,0,0,10,BENIGN
6,58733,53.80280251306761,0.1702620332692013,6525,62869634,16416,0,10,316,316,316,0,0,0,0,10,BENIGN
6,47203,12.2026142406203,0.1694807533419486,6743,70847232,16415,0,8,72,72,72,0,0,0,0,8,BENIGN
6,47203,53.55591805605576,0.1694807533419486,6743,70847489,16416,0,8,316,316,316,0,0,0,0,8,BENIGN
6,48249,14.922589069203507,0.20725818151671538,5361,48886570,16420,0,10,72,72,72,0,0,0,0,10,BENIGN
6,48249,65.49358535928205,0.20725818151671538,5361,48886570,16420,0,10,316,316,316,0,0,0,0,10,BENIGN
6,48263,14.918260365082983,0.20719806062615254,5362,59264018,16438,0,10,72,72,72,0,0,0,0,10,BENIGN
6,48263,65.4745871578642,0.20719806062615254,5362,59264544,16434,0,10,316,316,316,0,0,0,0,10,BENIGN
6,47237,15.242288883714037,0.21169845671825052,5248,50409241,16434,0,10,72,72,72,0,0,0,0,10,BENIGN
6,47237,66.89671232296716,0.21169845671825052,5248,50408696,16434,0,10,316,316,316,0,0,0,0,10,BENIGN
6,48246,14.92351697550056,0.20727106910417445,5360,62893644,16429,0,10,72,72,72,0,0,0,0,10,BENIGN
6,48246,65.49765783691912,0.20727106910417445,5360,62893644,16429,0,10,316,316,316,0,0,0,0,10,BENIGN
6,59407,16.967697409396198,0.23566246401939164,4569,36160947,16426,0,14,72,72,72,0,0,0,0,14,BENIGN
6,59407,74.46933863012777,0.23566246401939164,4569,36159281,16426,0,14,316,316,316,0,0,0,0,14,BENIGN
6,47226,15.2458391563969,0.21174776606106804,5247,46175745,15407,0,10,72,72,72,0,0,0,0,10,BENIGN
6,47226,66.91229407529751,0.21174776606106804,5247,46175745,15407,0,10,316,316,316,0,0,0,0,10,BENIGN
6,48249,14.922589069203507,0.20725818151671538,5361,59935493,16424,0,10,72,72,72,0,0,0,0,10,BENIGN
6,48249,65.49358535928205,0.20725818151671538,5361,59935493,16424,0,10,316,316,316,0,0,0,0,10,BENIGN
6,48231,110.71717360204018,0.5805394870518961,1786,25687206,16419,0,28,72,240,190,5960,0,0,0,28,BENIGN
6,48231,128.67243059443098,0.24880263730795546,4384,43528141,16419,0,12,316,1173,517,111763,0,0,0,12,BENIGN
6,48224,14.930325149303252,0.20736562707365627,5358,49829022,16419,0,10,72,72,72,0,0,0,0,10,BENIGN
6,48224,65.52753815527538,0.20736562707365627,5358,49829022,16419,0,10,316,316,316,0,0,0,0,10,BENIGN
6,47682,18.12004530011325,0.25166729583490627,4334,37160543,15399,0,12,72,72,72,0,0,0,0,12,BENIGN
6,47681,79.52853337807512,0.25167257398125037,4334,37159038,15399,0,12,316,316,316,0,0,0,0,12,BENIGN
6,48277,149.76075563933136,0.3935621517492802,2682,38072876,16443,0,19,0,3069,380,639010,0,2,0,16,BENIGN
6,48255,190.28079991710703,0.39374158118329705,2680,38043812,16422,0,19,0,3069,483,587191,0,2,0,16,BENIGN
6,47273,18.27681763374442,0.2538446893575614,4297,44746964,15428,0,12,72,72,72,0,0,0,0,12,BENIGN
6,47273,80.2149218369894,0.2538446893575614,4297,44746875,15428,0,12,316,316,316,0,0,0,0,12,BENIGN
6,48303,17.887087758524316,0.24843177442394881,4391,43970251,16155,0,12,72,72,72,0,0,0,0,12,BENIGN
6,48302,78.5060660014078,0.2484369177259741,4391,43968232,16155,0,12,316,316,316,0,0,0,0,12,BENIGN
6,53482,39.789087917430166,0.26177031524625105,4114,32209505,16424,0,14,72,632,152,41335,0,0,0,14,BENIGN
6,53481,79.99102484994671,0.26177520988762365,4113,32117204,16424,0,14,243,316,305,702,0,0,0,14,BENIGN
6,47243,12.19228245454353,0.1693372563131046,6749,70961905,16431,0,8,72,72,72,0,0,0,0,8,BENIGN
6,47243,53.51057299494105,0.1693372563131046,6749,70969265,16432,0,8,316,316,316,0,0,0,0,8,BENIGN
6,48309,14.904055145004037,0.20700076590283384,5367,47912823,16410,0,10,72,72,72,0,0,0,0,10,BENIGN
6,48309,65.4122420252955,0.20700076590283384,5367,47912823,16410,0,10,316,316,316,0,0,0,0,10,BENIGN
6,51427,49.77929881190814,0.38890077196803235,2706,34456717,18528,0,20,72,632,128,29712,0,0,0,20,BENIGN
6,51428,132.34035933732596,0.4277825309170102,2448,26080541,18567,0,22,243,316,309,466,0,0,0,22,BENIGN
6,33332,25.921036841473658,0.360014400576023,3030,100371571,33237,0,12,72,72,72,0,0,0,0,12,BENIGN
6,33332,113.76455058202328,0.360014400576023,3030,100376775,33238,0,12,316,316,316,0,0,0,0,12,BENIGN
6,59283,38.32464618862068,0.2698918745677513,3952,103496205,36873,0,16,72,632,142,36704,0,0,0,16,BENIGN
6,59283,174.35015097076734,0.5397837491355026,1912,52387200,36870,0,32,126,1139,323,53953,0,0,0,32,BENIGN
6,27729,20.772476468679,0.2885066176205417,3961,26055553,11799,0,8,72,72,72,0,0,0,0,8,BENIGN
6,27729,91.16809116809117,0.2885066176205417,3961,26055553,11799,0,8,316,316,316,0,0,0,0,8,BENIGN
6,55059,46.49557747143973,0.3632466989956229,2897,72130416,27228,0,20,72,632,128,29712,0,0,0,20,BENIGN
6,55059,112.13425597994878,0.3632466989956229,2897,72354762,27228,0,20,243,316,308,508,0,0,0,20,BENIGN
6,30405,65.25242558789672,0.3946719289590528,2764,24118747,15447,0,12,72,632,165,47922,0,0,0,12,BENIGN
6,30357,298.8437592647495,0.9223572816813256,1124,11124365,15447,0,28,126,1139,324,61915,0,0,0,28,BENIGN
6,51908,142.05902751021037,0.42382677044000927,2471,65287468,32734,0,22,0,1621,335,338121,0,2,0,18,BENIGN
6,51882,189.16001696156664,0.40476465826298136,2594,68380612,32733,0,21,0,3069,467,531095,0,2,0,18,BENIGN
6,31,9290.322580645161,129.03225806451613,10,315,31,0,4,72,72,72,0,0,0,0,4,BENIGN
6,31,40774.1935483871,129.03225806451613,10,315,31,0,4,316,316,316,0,0,0,0,4,BENIGN
6,153,22039.21568627451,156.86274509803923,6,267,63,0,24,0,440,140,29737,0,2,0,16,BENIGN
6,41046,14.033036105832482,0.19490327924767334,5863,239709350,40975,0,8,72,72,72,0,0,0,0,8,BENIGN
6,41046,61.589436242264775,0.19490327924767334,5863,239709350,40975,0,8,316,316,316,0,0,0,0,8,BENIGN
6,59313,9.711193161701482,0.13487768280140947,8473,501170971,59242,0,8,72,72,72,0,0,0,0,8,BENIGN
6,59313,42.621347765245396,0.13487768280140947,8473,501170961,59242,0,8,316,316,316,0,0,0,0,8,BENIGN
6,42810,13.454800280308339,0.18687222611539359,6115,260975183,42751,0,8,72,72,72,0,0,0,0,8,BENIGN
6,42811,59.050244096143516,0.1868678610637453,6115,260973144,42751,0,8,316,316,316,0,0,0,0,8,BENIGN
6,53553,13.444624950983139,0.18673090209698803,5950,100313693,25990,0,10,72,72,72,0,0,0,0,10,BENIGN
6,53553,59.00696506264822,0.18673090209698803,5950,100313693,25990,0,10,316,316,316,0,0,0,0,10,BENIGN
6,35399,16.271646091697505,0.2259950846069098,5057,178019509,35315,0,8,72,72,72,0,0,0,0,8,BENIGN
6,35399,71.4144467357835,0.2259950846069098,5057,178008734,35314,0,8,316,316,316,0,0,0,0,8,BENIGN
6,19683,29.263831732967535,0.4064421074023269,2811,54911814,19617,0,8,72,72,72,0,0,0,0,8,BENIGN
6,19683,128.4357059391353,0.4064421074023269,2811,54911814,19617,0,8,316,316,316,0,0,0,0,8,BENIGN
6,29440,245.58423913043478,0.6453804347826086,1635,47735723,29322,0,19,0,3069,380,639010,0,2,0,16,BENIGN
6,29411,312.19611709904456,0.6460167964367074,1633,47746048,29322,0,19,0,3069,483,587191,0,2,0,16,BENIGN
6,15481,27.905174084361477,0.3875718622827983,3096,47636539,15443,0,6,72,72,72,0,0,0,0,6,BENIGN
6,15481,122.47270848136425,0.3875718622827983,3096,47648097,15444,0,6,316,316,316,0,0,0,0,6,BENIGN
6,56258,12.798179814426392,0.17775249742258878,6250,158361987,32585,0,10,72,72,72,0,0,0,0,10,BENIGN
6,56259,56.16879077125438,0.17774933788371639,6251,158360240,32585,0,10,316,316,316,0,0,0,0,10,BENIGN
6,40,7200.0,100.0,13,533,40,0,4,72,72,72,0,0,0,0,4,BENIGN
6,41,30829.268292682926,97.5609756097561,13,553,41,0,4,316,316,316,0,0,0,0,4,BENIGN
6,16561,34.780508423404385,0.48306261699172753,2365,38829433,16497,0,8,72,72,72,0,0,0,0,8,BENIGN
6,16561,152.64778696938592,0.48306261699172753,2365,38829433,16497,0,8,316,316,316,0,0,0,0,8,BENIGN
6,48607,8.887608780628305,0.12343901084205978,9721,471699515,48573,0,6,72,72,72,0,0,0,0,6,BENIGN
6,48607,39.00672742609089,0.12343901084205978,9721,471699515,48573,0,6,316,316,316,0,0,0,0,6,BENIGN
6,54937,7.8635527968400165,0.10921601106722245,10987,602767871,54906,0,6,72,72,72,0,0,0,0,6,BENIGN
6,54936,34.512887723896895,0.109217999126256,10987,602769229,54906,0,6,316,316,316,0,0,0,0,6,BENIGN
6,47120,12.224108658743633,0.1697792869269949,6731,316133092,47053,0,8,72,72,72,0,0,0,0,8,BENIGN
6,47121,53.64911610534581,0.1697756838776766,6731,316127875,47053,0,8,316,316,316,0,0,0,0,8,BENIGN
6,21131,27.25853012162226,0.3785906961336425,3018,63263454,21056,0,8,72,72,72,0,0,0,0,8,BENIGN
6,21131,119.63465997823104,0.3785906961336425,3018,63263454,21056,0,8,316,316,316,0,0,0,0,8,BENIGN
6,34,8470.588235294117,117.6470588235294,11,385,34,0,4,72,72,72,0,0,0,0,4,BENIGN
6,34,37176.470588235294,117.6470588235294,11,385,34,0,4,316,316,316,0,0,0,0,4,BENIGN
6,51197,237.08420415258706,0.8594253569545091,1190,30207455,29377,0,44,0,1621,275,172138,0,2,0,38,BENIGN
6,51171,263.6649664849231,0.48855797228899184,2132,53191355,29421,0,25,0,3069,539,481546,0,2,0,22,BENIGN
6,54560,7.9178885630498534,0.10997067448680352,10912,594479457,54528,0,6,72,72,72,0,0,0,0,6,BENIGN
6,54560,34.75073313782991,0.10997067448680352,10912,594459021,54527,0,6,316,316,316,0,0,0,0,6,BENIGN
6,53536,8.069336521219366,0.11207411835026898,10707,273753068,37612,0,6,72,72,72,0,0,0,0,6,BENIGN
6,53536,35.415421398685,0.11207411835026898,10707,273753068,37612,0,6,316,316,316,0,0,0,0,6,BENIGN
6,20752,13.878180416345412,0.19275250578257516,6917,143548501,20752,0,4,72,72,72,0,0,0,0,4,BENIGN
6,20752,60.90979182729375,0.19275250578257516,6917,143548501,20752,0,4,316,316,316,0,0,0,0,4,BENIGN
6,22760,18.98066783831283,0.26362038664323373,4552,103143443,22720,0,6,72,72,72,0,0,0,0,6,BENIGN
6,22760,83.30404217926186,0.26362038664323373,4552,103143443,22720,0,6,316,316,316,0,0,0,0,6,BENIGN
6,42461,10.174042062127599,0.14130613975177223,8492,359806697,42424,0,6,72,72,72,0,0,0,0,6,BENIGN
6,42462,44.651688568602516,0.14130281192595734,8492,359822601,42425,0,6,316,316,316,0,0,0,0,6,BENIGN
6,47741,12.065101275633104,0.16757085105045977,6820,152938342,31110,0,8,72,72,72,0,0,0,0,8,BENIGN
6,47741,52.952388931945286,0.16757085105045977,6820,152938342,31110,0,8,316,316,316,0,0,0,0,8,BENIGN
6,26220,10.983981693363845,0.15255530129672007,8740,229162800,26220,0,4,72,72,72,0,0,0,0,4,BENIGN
6,26220,48.20747520976354,0.15255530129672007,8740,229162800,26220,0,4,316,316,316,0,0,0,0,4,BENIGN
6,47087,12.232675685433346,0.16989827340879649,6726,141508749,29000,0,8,72,72,72,0,0,0,0,8,BENIGN
6,47087,92.89188098625948,0.2123728417609956,5231,114940460,29000,0,10,316,923,437,65619,0,0,0,10,BENIGN
6,47935,12.01627203504746,0.16689266715343695,6847,327105582,47863,0,8,72,72,72,0,0,0,0,8,BENIGN
6,47935,52.73808282048608,0.16689266715343695,6847,327105582,47863,0,8,316,316,316,0,0,0,0,8,BENIGN
6,44848,164.42204780592223,0.4682483053870853,2242,49341446,28414,0,21,0,3069,351,583875,0,2,0,18,BENIGN
6,44825,218.9403234802008,0.46848856664807587,2241,49318506,28414,0,21,0,3069,467,531095,0,2,0,18,BENIGN
6,50104,14.370110170844644,0.19958486348395338,5567,143921836,34474,0,10,72,72,72,0,0,0,0,10,BENIGN
6,50104,63.06881686092927,0.19958486348395338,5567,143921836,34474,0,10,316,316,316,0,0,0,0,10,BENIGN
6,41326,13.937956734259304,0.1935827324202681,5903,101442643,20663,0,8,72,72,72,0,0,0,0,8,BENIGN
6,41326,61.172143444804725,0.1935827324202681,5903,101442643,20663,0,8,316,316,316,0,0,0,0,8,BENIGN
6,36568,7.875738350470357,0.10938525486764385,12189,445739541,36568,0,4,72,72,72,0,0,0,0,4,BENIGN
6,36568,34.565740538175454,0.10938525486764385,12189,445739541,36568,0,4,316,316,316,0,0,0,0,4,BENIGN
6,47007,9.190120620333142,0.12764056417129363,9401,441153010,46974,0,6,72,72,72,0,0,0,0,6,BENIGN
6,47008,40.33356024506467,0.12763784887678692,9401,441140114,46974,0,6,316,316,316,0,0,0,0,6,BENIGN
6,38653,14.901818746281013,0.2069697048094585,5521,91961636,22448,0,8,72,72,72,0,0,0,0,8,BENIGN
6,38653,65.40242671978889,0.2069697048094585,5521,91961636,22448,0,8,316,316,316,0,0,0,0,8,BENIGN
6,34,8470.588235294117,117.6470588235294,11,385,34,0,4,72,72,72,0,0,0,0,4,BENIGN
6,34,37176.470588235294,117.6470588235294,11,385,34,0,4,316,316,316,0,0,0,0,4,BENIGN
6,48310,14.903746636307183,0.206996481059822,5367,114650411,26669,0,10,72,72,72,0,0,0,0,10,BENIGN
6,48310,65.41088801490375,0.206996481059822,5367,114650411,26669,0,10,316,316,316,0,0,0,0,10,BENIGN
6,59706,118.68153954376444,0.28472850299802366,3731,112323401,37804,0,17,0,3069,416,705409,0,2,0,14,BENIGN
6,59683,143.25687381666472,0.28483822864132163,3730,112269615,37804,0,17,0,3069,502,656585,0,2,0,14,BENIGN
6,30813,18.69340862622919,0.2596306753642943,4401,134990783,30750,0,8,72,72,72,0,0,0,0,8,BENIGN
6,30813,82.04329341511699,0.2596306753642943,4401,134990783,30750,0,8,316,316,316,0,0,0,0,8,BENIGN
6,59642,4.828811911069381,0.06706683209818584,19880,1185722721,59642,0,4,72,72,72,0,0,0,0,4,BENIGN
6,59642,21.193118943026725,0.06706683209818584,19880,1185722721,59642,0,4,316,316,316,0,0,0,0,4,BENIGN
6,44714,47.59135841123585,0.3131010421791833,3439,72131679,25961,0,14,72,632,152,41558,0,0,0,14,BENIGN
6,44714,95.67473274589614,0.3131010421791833,3439,72131569,25961,0,14,243,316,305,736,0,0,0,14,BENIGN
6,49888,14.432328415651059,0.20044900577293137,5543,138428803,33369,0,10,72,72,72,0,0,0,0,10,BENIGN
6,49888,63.34188582424631,0.20044900577293137,5543,138428803,33369,0,10,316,316,316,0,0,0,0,10,BENIGN
6,34514,16.6888798748334,0.231789998261575,4930,169354097,34443,0,8,72,72,72,0,0,0,0,8,BENIGN
6,34514,113.34530914991018,0.40563249695775627,2654,44169050,20999,0,14,162,316,279,3834,0,0,0,14,BENIGN
6,59620,9.661187520966118,0.13418316001341832,8517,176523126,33564,0,8,72,72,72,0,0,0,0,8,BENIGN
6,59620,42.401878564240185,0.13418316001341832,8517,176523126,33564,0,8,316,316,316,0,0,0,0,8,BENIGN
6,59965,118.16893187692821,0.2834987075794213,3747,224293417,59911,0,17,0,3069,416,705409,0,2,0,14,BENIGN
6,59943,142.63550372854212,0.28360275595148726,3746,224141173,59890,0,17,0,3069,502,656585,0,2,0,14,BENIGN
6,49647,104.65889177593812,0.5236973029588897,1985,98095525,49522,0,26,72,240,199,5179,0,0,0,26,BENIGN
6,49647,112.27264487280198,0.24170644751948758,4513,222856035,49522,0,12,0,1173,464,149864,0,0,0,10,BENIGN
6,39152,11.03391908459338,0.15324887617490804,7830,305853162,39115,0,6,72,72,72,0,0,0,0,6,BENIGN
6,39152,48.426644871270945,0.15324887617490804,7830,305853162,39115,0,6,316,316,316,0,0,0,0,6,BENIGN
6,41493,13.881859590774347,0.1928036054274215,5927,203410076,38150,0,8,72,72,72,0,0,0,0,8,BENIGN
6,41493,60.92593931506519,0.1928036054274215,5927,203410076,38150,0,8,316,316,316,0,0,0,0,8,BENIGN
6,29614,14.58769500911731,0.2026068751266293,5922,174908229,29581,0,6,72,72,72,0,0,0,0,6,BENIGN
6,29614,64.02377254001486,0.2026068751266293,5922,174908229,29581,0,6,316,316,316,0,0,0,0,6,BENIGN
6,47258,12.18841254390791,0.1692835075542765,6751,317882681,47184,0,8,72,72,72,0,0,0,0,8,BENIGN
6,47258,53.493588387151384,0.1692835075542765,6751,317894464,47185,0,8,316,316,316,0,0,0,0,8,BENIGN
6,30201,19.072216151783053,0.26489189099698685,4314,129557010,30127,0,8,72,72,72,0,0,0,0,8,BENIGN
6,30201,83.70583755504785,0.26489189099698685,4314,129564542,30128,0,8,316,316,316,0,0,0,0,8,BENIGN
6,59596,7.248808644875495,0.10067789784549298,11919,300176883,38020,0,6,72,72,72,0,0,0,0,6,BENIGN
6,59596,31.814215719175785,0.10067789784549298,11919,300176883,38020,0,6,316,316,316,0,0,0,0,6,BENIGN
6,49351,8.753622013738324,0.12157808352414338,9870,486384138,49322,0,6,72,72,72,0,0,0,0,6,BENIGN
6,49352,38.41789593126925,0.12157562003566218,9870,486384150,49322,0,6,316,316,316,0,0,0,0,6,BENIGN
6,27313,21.088858785193864,0.2929008164610259,3901,105795940,27228,0,8,72,72,72,0,0,0,0,8,BENIGN
6,27313,92.55665800168418,0.2929008164610259,3901,105795940,27228,0,8,316,316,316,0,0,0,0,8,BENIGN
6,78,88974.35897435897,192.30769230769232,5,227,56,0,15,0,3069,462,787024,0,2,0,12,BENIGN
6,56,141357.14285714287,267.85714285714283,4,100,36,0,15,0,3069,527,744891,0,2,0,12,BENIGN
6,45167,19.12901011800651,0.26568069608342376,4106,59530605,20739,0,12,72,72,72,0,0,0,0,12,BENIGN
6,45167,83.9550999623619,0.26568069608342376,4106,59535007,20739,0,12,316,316,316,0,0,0,0,12,BENIGN
6,25228,22.831774219121613,0.31710797526557793,3604,32253507,15185,0,8,72,72,72,0,0,0,0,8,BENIGN
6,25228,100.20612018392262,0.31710797526557793,3604,32253507,15185,0,8,316,316,316,0,0,0,0,8,BENIGN
6,47221,15.247453463501408,0.21177018699307512,5246,115057137,28897,0,10,72,72,72,0,0,0,0,10,BENIGN
6,47221,66.91937908981174,0.21177018699307512,5246,115063971,28897,0,10,316,316,316,0,0,0,0,10,BENIGN
6,58785,17.147231436590967,0.23815599217487454,4521,78801807,26070,0,14,72,72,72,0,0,0,0,14,BENIGN
6,58785,75.25729352726036,0.23815599217487454,4521,78801807,26070,0,14,316,316,316,0,0,0,0,14,BENIGN
6,59699,7.236302115613327,0.1005041960501851,11939,711833483,59667,0,6,72,72,72,0,0,0,0,6,BENIGN
6,59700,31.758793969849247,0.10050251256281408,11940,711833491,59667,0,6,316,316,316,0,0,0,0,6,BENIGN
6,54846,10.502133245815557,0.1458629617474383,7835,428537319,54781,0,8,72,72,72,0,0,0,0,8,BENIGN
6,54846,46.0926959121905,0.1458629617474383,7835,428537319,54781,0,8,316,316,316,0,0,0,0,8,BENIGN
6,20650,27.893462469733656,0.387409200968523,2950,60415485,20577,0,8,72,72,72,0,0,0,0,8,BENIGN
6,20650,122.42130750605327,0.387409200968523,2950,60415485,20577,0,8,316,316,316,0,0,0,0,8,BENIGN
6,48327,11.918803153516668,0.16553893268773148,6903,139488774,25636,0,8,72,72,72,0,0,0,0,8,BENIGN
6,48327,52.310302729323155,0.16553893268773148,6903,139488774,25636,0,8,316,316,316,0,0,0,0,8,BENIGN
6,3003,95.90409590409591,1.332001332001332,1001,3005502,3003,0,4,72,72,72,0,0,0,0,4,BENIGN
6,3003,420.9124209124209,1.332001332001332,1001,3005502,3003,0,4,316,316,316,0,0,0,0,4,BENIGN
6,42527,169.96261198767843,0.4467749900063489,2362,47761587,23561,0,19,0,3069,380,639194,0,2,0,16,BENIGN
6,42501,216.04197548292981,0.4470483047457707,2361,47702760,23538,0,19,0,3069,483,587191,0,2,0,16,BENIGN
6,49523,17.44643902833027,0.24231165317125375,4502,94366579,28790,0,12,72,72,72,0,0,0,0,12,BENIGN
6,49523,76.57048240211618,0.24231165317125375,4502,94366579,28790,0,12,316,316,316,0,0,0,0,12,BENIGN
6,42992,20.096762188314106,0.27912169705991813,3908,80653369,26665,0,12,72,72,72,0,0,0,0,12,BENIGN
6,42992,88.20245627093412,0.27912169705991813,3908,80653369,26665,0,12,316,316,316,0,0,0,0,12,BENIGN
6,50088,17.249640632486823,0.23957834211787254,4553,77896862,26323,0,12,72,72,72,0,0,0,0,12,BENIGN
6,50088,75.70675610924772,0.23957834211787254,4553,77892145,26322,0,12,316,316,316,0,0,0,0,12,BENIGN
6,42259,17.03779076646395,0.23663598286755483,4695,93046195,26284,0,10,72,72,72,0,0,0,0,10,BENIGN
6,42259,118.45997302349795,0.2839631794410658,3841,78043351,26284,0,12,316,923,417,55983,0,0,0,12,BENIGN
6,38344,15.021906947631964,0.2086375964948884,5477,74835002,19478,0,8,72,72,72,0,0,0,0,8,BENIGN
6,38344,65.92948049238473,0.2086375964948884,5477,74821567,19477,0,8,316,316,316,0,0,0,0,8,BENIGN
6,37575,15.32934131736527,0.21290751829673984,5367,86351835,21512,0,8,72,72,72,0,0,0,0,8,BENIGN
6,37575,67.2787757817698,0.21290751829673984,5367,86351835,21512,0,8,316,316,316,0,0,0,0,8,BENIGN
6,35478,20.294266869609334,0.281864817633463,3942,61332964,19024,0,10,72,72,72,0,0,0,0,10,BENIGN
6,35479,89.06677189323261,0.2818568730798501,3942,61332961,19024,0,10,316,316,316,0,0,0,0,10,BENIGN
6,26446,21.780231414958784,0.30250321409664976,3778,99252499,26371,0,8,72,72,72,0,0,0,0,8,BENIGN
6,26446,95.59101565454132,0.30250321409664976,3778,99252499,26371,0,8,316,316,316,0,0,0,0,8,BENIGN
6,29892,14.452027298273785,0.20072260136491368,5978,178168924,29856,0,6,72,72,72,0,0,0,0,6,BENIGN
6,29892,63.428342031312724,0.20072260136491368,5978,178168924,29856,0,6,316,316,316,0,0,0,0,6,BENIGN
6,22346,19.332318983263225,0.26850443032310034,4469,99457693,22309,0,6,72,72,72,0,0,0,0,6,BENIGN
6,22346,84.8473999820997,0.26850443032310034,4469,99457693,22309,0,6,316,316,316,0,0,0,0,6,BENIGN
6,49151,158.8167076966898,0.5493275823482737,1890,28310293,16812,0,27,0,3069,289,463605,0,2,0,24,BENIGN
6,49130,238.34724201099124,0.5495623855078363,1889,28312387,16812,0,27,0,3069,433,412900,0,2,0,24,BENIGN
6,16318,318.42137516852557,1.5933325162397352,652,9093189,15081,0,26,72,240,199,5179,0,0,0,26,BENIGN
6,16318,341.5859786738571,0.6128201985537444,1813,24917542,15081,0,10,316,1173,557,125695,0,0,0,10,BENIGN
6,34,8470.588235294117,117.6470588235294,11,385,34,0,4,72,72,72,0,0,0,0,4,BENIGN
6,34,37176.470588235294,117.6470588235294,11,385,34,0,4,316,316,316,0,0,0,0,4,BENIGN
6,59799,9.632268098128732,0.13378150136289904,8542,499452513,59222,0,8,72,72,72,0,0,0,0,8,BENIGN
6,59799,42.2749544306761,0.13378150136289904,8542,499452513,59222,0,8,316,316,316,0,0,0,0,8,BENIGN
6,57766,9.971263372918326,0.1384897690683101,8252,216384033,36234,0,8,72,72,72,0,0,0,0,8,BENIGN
6,57766,43.76276702558599,0.1384897690683101,8252,216384033,36234,0,8,316,316,316,0,0,0,0,8,BENIGN
6,37133,15.511808903131985,0.21544179032127758,5304,196092734,37061,0,8,72,72,72,0,0,0,0,8,BENIGN
6,37133,68.07960574152371,0.21544179032127758,5304,196101987,37062,0,8,316,316,316,0,0,0,0,8,BENIGN
6,32994,21.82214948172395,0.3030854094683882,3666,48043089,16130,0,10,72,72,72,0,0,0,0,10,BENIGN
6,32994,95.77498939201067,0.3030854094683882,3666,48043089,16130,0,10,316,316,316,0,0,0,0,10,BENIGN
6,33238,12.997171911667369,0.1805162765509357,6647,220402561,33205,0,6,72,72,72,0,0,0,0,6,BENIGN
6,33238,57.04314339009567,0.1805162765509357,6647,220402561,33205,0,6,316,316,316,0,0,0,0,6,BENIGN
6,21962,26.22711957016665,0.36426554958564794,3137,68391732,21892,0,8,72,72,72,0,0,0,0,8,BENIGN
6,21962,115.10791366906474,0.36426554958564794,3137,68391732,21892,0,8,316,316,316,0,0,0,0,8,BENIGN
6,53944,139.36675070443422,0.426368085421919,2452,64144582,30906,0,23,0,3069,326,537416,0,2,0,20,BENIGN
6,53923,193.72067577842478,0.42653413200304136,2451,64148559,30906,0,23,0,3069,454,484808,0,2,0,20,BENIGN
6,51260,14.046039797112758,0.19508388607101054,5695,150956330,35325,0,10,72,72,72,0,0,0,0,10,BENIGN
6,51260,61.646507998439326,0.19508388607101054,5695,150948647,35324,0,10,316,316,316,0,0,0,0,10,BENIGN
6,39553,18.203423254873208,0.2528253229843501,4394,79170336,23464,0,10,72,72,72,0,0,0,0,10,BENIGN
6,39553,79.89280206305463,0.2528253229843501,4394,79166807,23464,0,10,316,316,316,0,0,0,0,10,BENIGN
6,48491,14.84811614526407,0.20622383535088987,5387,123588776,31607,0,10,72,72,72,0,0,0,0,10,BENIGN
6,48491,65.16673197088119,0.20622383535088987,5387,123588776,31607,0,10,316,316,316,0,0,0,0,10,BENIGN
6,53756,13.393853709353374,0.1860257459632413,5972,119746770,28848,0,10,72,72,72,0,0,0,0,10,BENIGN
6,53756,58.78413572438426,0.1860257459632413,5972,119752261,28849,0,10,316,316,316,0,0,0,0,10,BENIGN
6,30749,18.7323164980975,0.26017106247357635,4392,134385291,30682,0,8,72,72,72,0,0,0,0,8,BENIGN
6,30749,82.21405574165013,0.26017106247357635,4392,134385291,30682,0,8,316,316,316,0,0,0,0,8,BENIGN
6,58261,9.886545030123067,0.13731312541837593,8323,253407811,41564,0,8,72,72,72,0,0,0,0,8,BENIGN
6,58261,43.390947632206796,0.13731312541837593,8323,253401799,41564,0,8,316,316,316,0,0,0,0,8,BENIGN
6,35,8228.57142857143,114.28571428571429,11,402,35,0,4,72,72,72,0,0,0,0,4,BENIGN
6,35,36114.28571428572,114.28571428571429,11,402,35,0,4,316,316,316,0,0,0,0,4,BENIGN
6,31,9290.322580645161,129.03225806451613,10,315,31,0,4,72,72,72,0,0,0,0,4,BENIGN
6,31,40774.1935483871,129.03225806451613,10,315,31,0,4,316,316,316,0,0,0,0,4,BENIGN
6,45250,15.911602209944752,0.22099447513812154,5027,101940504,25945,0,10,72,72,72,0,0,0,0,10,BENIGN
6,45250,69.8342541436464,0.22099447513812154,5027,101940504,25945,0,10,316,316,316,0,0,0,0,10,BENIGN
6,53883,13.362284950726574,0.18558729098231352,5987,145039494,31085,0,10,72,72,72,0,0,0,0,10,BENIGN
6,53883,58.64558395041107,0.18558729098231352,5987,145039494,31085,0,10,316,316,316,0,0,0,0,10,BENIGN
6,80,86775.0,187.5,5,242,58,0,15,0,3069,462,786788,0,2,0,12,BENIGN
6,58,136517.24137931035,258.62068965517244,4,107,37,0,15,0,3069,527,744655,0,2,0,12,BENIGN
6,39852,7.226738934056007,0.10037137408411122,13284,529393968,39852,0,4,72,72,72,0,0,0,0,4,BENIGN
6,39852,31.717354210579142,0.10037137408411122,13284,529393968,39852,0,4,316,316,316,0,0,0,0,4,BENIGN
6,41440,17.374517374517374,0.2413127413127413,4604,52962441,21488,0,10,72,72,72,0,0,0,0,10,BENIGN
6,41440,76.25482625482626,0.2413127413127413,4604,52962441,21488,0,10,316,316,316,0,0,0,0,10,BENIGN
6,53763,13.392109815300486,0.18600152521250674,5973,140866787,28651,0,10,72,72,72,0,0,0,0,10,BENIGN
6,53763,58.77648196715213,0.18600152521250674,5973,140866787,28651,0,10,316,316,316,0,0,0,0,10,BENIGN
6,43910,16.397176041903894,0.2277385561375541,4878,93886764,23382,0,10,72,72,72,0,0,0,0,10,BENIGN
6,43910,71.96538373946709,0.2277385561375541,4878,93886764,23382,0,10,316,316,316,0,0,0,0,10,BENIGN
6,38063,15.132806137193601,0.2101778630165778,5437,90511565,22677,0,8,72,72,72,0,0,0,0,8,BENIGN
6,38063,66.41620471323859,0.2101778630165778,5437,90516451,22677,0,8,316,316,316,0,0,0,0,8,BENIGN
6,37772,7.6246955416710795,0.1058985491898761,12590,475574661,37772,0,4,72,72,72,0,0,0,0,4,BENIGN
6,37772,33.463941544000846,0.1058985491898761,12590,475574661,37772,0,4,316,316,316,0,0,0,0,4,BENIGN
6,21255,20.324629498941427,0.2822865208186309,4251,90045104,21226,0,6,72,72,72,0,0,0,0,6,BENIGN
6,21255,89.20254057868736,0.2822865208186309,4251,90053053,21227,0,6,316,316,316,0,0,0,0,6,BENIGN
6,29751,19.360693758193,0.26889852441934725,4250,29486223,11881,0,8,72,72,72,0,0,0,0,8,BENIGN
6,29750,84.97478991596638,0.2689075630252101,4250,29483105,11881,0,8,316,316,316,0,0,0,0,8,BENIGN
6,43528,9.924646204741775,0.13784230839919132,8705,378328356,43500,0,6,72,72,72,0,0,0,0,6,BENIGN
6,43528,43.55816945414446,0.13784230839919132,8705,378328356,43500,0,6,316,316,316,0,0,0,0,6,BENIGN
6,58332,12.343139271754783,0.1714324898854831,6481,126054075,26346,0,10,72,72,72,0,0,0,0,10,BENIGN
6,58331,54.17359551524918,0.17143542884572527,6481,126055889,26346,0,10,316,316,316,0,0,0,0,10,BENIGN
6,39,7384.615384615385,102.56410256410257,13,500,39,0,4,72,72,72,0,0,0,0,4,BENIGN
6,39,32410.25641025641,102.56410256410257,13,500,39,0,4,316,316,316,0,0,0,0,4,BENIGN
6,56111,131.41808201600398,0.3742581668478551,2805,77884929,33861,0,21,0,3069,351,583875,0,2,0,18,BENIGN
6,56088,174.97503922407645,0.37441163885323064,2804,77842014,33860,0,21,0,3069,467,531095,0,2,0,18,BENIGN
6,32208,22.35469448584203,0.310481867858917,3578,40365504,14803,0,10,72,72,72,0,0,0,0,10,BENIGN
6,32211,98.10313247027413,0.3104529508552979,3579,40363517,14803,0,10,316,316,316,0,0,0,0,10,BENIGN
6,24871,17.36962727674802,0.24124482328816693,4974,123276213,24836,0,6,72,72,72,0,0,0,0,6,BENIGN
6,24871,76.23336415906076,0.24124482328816693,4974,123276213,24836,0,6,316,316,316,0,0,0,0,6,BENIGN
6,49392,11.661807580174926,0.16196954972465177,7056,150858959,28883,0,8,72,72,72,0,0,0,0,8,BENIGN
6,49392,51.18237771298996,0.16196954972465177,7056,150848024,28882,0,8,316,316,316,0,0,0,0,8,BENIGN
6,41288,17.438480914551445,0.2422011238132145,4587,68910284,20352,0,10,72,72,72,0,0,0,0,10,BENIGN
6,41288,76.53555512497579,0.2422011238132145,4587,68910284,20352,0,10,316,316,316,0,0,0,0,10,BENIGN
6,125,40416.0,208.0,5,223,52,0,26,0,240,194,7034,0,0,0,24,BENIGN
6,82,60268.29268292683,97.5609756097561,11,440,55,0,8,316,1173,617,141021,0,0,0,8,BENIGN
6,31,9290.322580645161,129.03225806451613,10,315,31,0,4,72,72,72,0,0,0,0,4,BENIGN
6,30,42133.333333333336,133.33333333333334,10,300,30,0,4,316,316,316,0,0,0,0,4,BENIGN
6,37662,15.293930221443365,0.21241569752004674,5380,65529243,21018,0,8,72,72,72,0,0,0,0,8,BENIGN
6,37662,67.12336041633476,0.21241569752004674,5380,65529243,21018,0,8,316,316,316,0,0,0,0,8,BENIGN
6,37889,15.202301459526511,0.2111430758267571,5412,204271070,37825,0,8,72,72,72,0,0,0,0,8,BENIGN
6,37890,66.71945104249143,0.21113750329902348,5412,204268977,37825,0,8,316,316,316,0,0,0,0,8,BENIGN
6,31656,18.195602729340408,0.25271670457417234,4522,62221871,18685,0,8,72,72,72,0,0,0,0,8,BENIGN
6,31655,79.86100142157638,0.2527246880429632,4522,62221172,18684,0,8,316,316,316,0,0,0,0,8,BENIGN
6,45600,9.473684210526315,0.13157894736842105,9120,415116347,45567,0,6,72,72,72,0,0,0,0,6,BENIGN
6,45600,41.578947368421055,0.13157894736842105,9120,415116347,45567,0,6,316,316,316,0,0,0,0,6,BENIGN
6,53644,137.4617851017821,0.39146968906121843,2682,73606544,34134,0,21,0,3069,351,583875,0,2,0,18,BENIGN
6,53621,183.02530724902556,0.3916376046698122,2681,73544759,34114,0,21,0,3069,467,531095,0,2,0,18,BENIGN
6,42584,13.526207026113093,0.187863986473793,6083,257697318,42488,0,8,72,72,72,0,0,0,0,8,BENIGN
6,42584,102.7146346045463,0.2348299830922412,4731,200465111,42487,0,10,316,923,437,65554,0,0,0,10,BENIGN
6,48783,11.807391919316155,0.1639915544349466,6969,151939352,29994,0,8,72,72,72,0,0,0,0,8,BENIGN
6,48783,51.82133120144312,0.1639915544349466,6969,151939352,29994,0,8,316,316,316,0,0,0,0,8,BENIGN
6,39151,14.712267885877756,0.20433705397052437,5593,218136727,39087,0,8,72,72,72,0,0,0,0,8,BENIGN
6,39151,64.5705090546857,0.20433705397052437,5593,218136727,39087,0,8,316,316,316,0,0,0,0,8,BENIGN
6,19012,22.722491058278983,0.3155901535872081,3802,71968602,18978,0,6,72,72,72,0,0,0,0,6,BENIGN
6,19012,99.72648853355776,0.3155901535872081,3802,71968602,18978,0,6,316,316,316,0,0,0,0,6,BENIGN
6,52160,11.042944785276074,0.15337423312883436,7451,172116145,31676,0,8,72,72,72,0,0,0,0,8,BENIGN
6,52160,48.466257668711656,0.15337423312883436,7451,172116145,31676,0,8,316,316,316,0,0,0,0,8,BENIGN
6,44919,12.823081546784211,0.1780983548164474,6417,120614867,23940,0,8,72,72,72,0,0,0,0,8,BENIGN
6,44919,56.279080121997374,0.1780983548164474,6417,120614867,23940,0,8,316,316,316,0,0,0,0,8,BENIGN
6,17062,33.75923103973743,0.46887820888524206,2437,41240640,17001,0,8,72,72,72,0,0,0,0,8,BENIGN
6,17062,148.16551400773648,0.46887820888524206,2437,41240640,17001,0,8,316,316,316,0,0,0,0,8,BENIGN
6,16652,17.29521979341821,0.24021138601969733,5550,92429701,16652,0,4,72,72,72,0,0,0,0,4,BENIGN
6,16651,75.91135667527476,0.2402258122635277,5550,92415825,16651,0,4,316,316,316,0,0,0,0,4,BENIGN
6,39566,14.557953798716069,0.20219380275994542,5652,192704256,37064,0,8,72,72,72,0,0,0,0,8,BENIGN
6,39566,63.89324167214275,0.20219380275994542,5652,192704256,37064,0,8,316,316,316,0,0,0,0,8,BENIGN
6,28543,248.257015730652,0.5955926146515783,1783,50603771,28462,0,17,0,3069,416,705409,0,2,0,14,BENIGN
6,28520,299.78962131837307,0.5960729312762973,1782,50613805,28462,0,17,0,3069,502,656585,0,2,0,14,BENIGN
6,55484,12.976714007641842,0.1802321389950256,6164,175169902,38858,0,10,72,72,72,0,0,0,0,10,BENIGN
6,55484,56.95335592242809,0.1802321389950256,6164,175169902,38858,0,10,316,316,316,0,0,0,0,10,BENIGN
6,39,7384.615384615385,102.56410256410257,13,500,39,0,4,72,72,72,0,0,0,0,4,BENIGN
6,39,32410.25641025641,102.56410256410257,13,500,39,0,4,316,316,316,0,0,0,0,4,BENIGN
6,59380,12.125294712024251,0.16840687100033683,6597,100935761,22516,0,10,72,72,72,0,0,0,0,10,BENIGN
6,59380,53.21657123610643,0.16840687100033683,6597,100935761,22516,0,10,316,316,316,0,0,0,0,10,BENIGN
6,58892,12.225769204645792,0.1698023500645249,6543,161423621,37067,0,10,72,72,72,0,0,0,0,10,BENIGN
6,58892,53.65754262038987,0.1698023500645249,6543,161423621,37067,0,10,316,316,316,0,0,0,0,10,BENIGN
6,16699,34.49308341816875,0.47907060303012156,2385,39514020,16641,0,8,72,72,72,0,0,0,0,8,BENIGN
6,16701,151.36818154601522,0.47901323274055446,2385,39512182,16641,0,8,316,316,316,0,0,0,0,8,BENIGN
6,54912,5.244755244755245,0.07284382284382285,18304,1005109248,54912,0,4,72,72,72,0,0,0,0,4,BENIGN
6,54912,23.01864801864802,0.07284382284382285,18304,1005109248,54912,0,4,316,316,316,0,0,0,0,4,BENIGN
6,42874,39.55777394224938,0.1865932733124971,6124,154326503,33056,0,8,72,632,212,67200,0,0,0,8,BENIGN
6,42919,55.49989515133158,0.18639763275006407,6131,154236379,33056,0,8,243,316,297,1148,0,0,0,8,BENIGN
6,46709,12.331670555995633,0.17127320216660602,6672,310585196,46639,0,8,72,72,72,0,0,0,0,8,BENIGN
6,46709,54.1223318846475,0.17127320216660602,6672,310585196,46639,0,8,316,316,316,0,0,0,0,8,BENIGN
6,23,295565.2173913043,565.2173913043479,1,39,21,0,13,0,3069,522,888390,0,2,0,10,BENIGN
6,20,364300.0,650.0,1,27,18,0,13,0,3069,560,860077,0,2,0,10,BENIGN
6,46427,15.50821720119758,0.2153919055721886,5158,118034309,30576,0,10,72,72,72,0,0,0,0,10,BENIGN
6,46427,68.0638421608116,0.2153919055721886,5158,118034309,30576,0,10,316,316,316,0,0,0,0,10,BENIGN
6,43452,9.942004971002486,0.13808340237503453,8690,376915114,43420,0,6,72,72,72,0,0,0,0,6,BENIGN
6,43452,43.634355150510906,0.13808340237503453,8690,376915114,43420,0,6,316,316,316,0,0,0,0,6,BENIGN
6,15742,27.44251048151442,0.3811459789099225,3148,39022213,14264,0,6,72,72,72,0,0,0,0,6,BENIGN
6,15743,120.4344788159817,0.3811217684050054,3148,39020984,14264,0,6,316,316,316,0,0,0,0,6,BENIGN
6,49027,8.811471230138496,0.12238154486303465,9805,480013974,48998,0,6,72,72,72,0,0,0,0,6,BENIGN
6,49027,38.672568176718954,0.12238154486303465,9805,480013974,48998,0,6,316,316,316,0,0,0,0,6,BENIGN
6,39393,10.966415352981494,0.1523113243469652,7878,309785005,39364,0,6,72,72,72,0,0,0,0,6,BENIGN
6,39393,48.130378493641004,0.1523113243469652,7878,309785005,39364,0,6,316,316,316,0,0,0,0,6,BENIGN
6,53446,105.3025483665756,0.5987351719492572,1724,27974640,21784,0,32,72,240,175,6612,0,0,0,32,BENIGN
6,53446,139.76724170190474,0.2993675859746286,3563,52936008,21784,0,16,316,1173,466,90144,0,0,0,16,BENIGN
6,15748,18.288036576073154,0.254000508001016,5249,82666501,15748,0,4,72,72,72,0,0,0,0,4,BENIGN
6,15748,80.26416052832106,0.254000508001016,5249,82666501,15748,0,4,316,316,316,0,0,0,0,4,BENIGN
6,41932,17.17065725460269,0.2384813507583707,4659,85144157,21477,0,10,72,72,72,0,0,0,0,10,BENIGN
6,41932,75.36010683964514,0.2384813507583707,4659,85144157,21477,0,10,316,316,316,0,0,0,0,10,BENIGN
6,49988,14.403456829639113,0.20004801152276547,5554,123705159,28210,0,10,72,72,72,0,0,0,0,10,BENIGN
6,49988,63.21517164119388,0.20004801152276547,5554,123705159,28210,0,10,316,316,316,0,0,0,0,10,BENIGN
6,26,261384.61538461538,500.0,2,49,24,0,13,0,3069,522,888665,0,2,0,10,BENIGN
6,20,364200.0,650.0,1,27,18,0,13,0,3069,560,860352,0,2,0,10,BENIGN
6,58719,12.261789199407346,0.1703026277695465,6524,174906175,34891,0,10,72,72,72,0,0,0,0,10,BENIGN
6,58719,53.81563037517669,0.1703026277695465,6524,174906175,34891,0,10,316,316,316,0,0,0,0,10,BENIGN
6,39400,10.964467005076141,0.15228426395939088,7880,272980396,37395,0,6,72,72,72,0,0,0,0,6,BENIGN
6,39400,48.121827411167516,0.15228426395939088,7880,272980396,37395,0,6,316,316,316,0,0,0,0,6,BENIGN
6,55842,12.89352100569464,0.17907668063464777,6204,101664837,28528,0,10,72,72,72,0,0,0,0,10,BENIGN
6,55842,56.58823108054869,0.17907668063464777,6204,101664837,28528,0,10,316,316,316,0,0,0,0,10,BENIGN
6,53313,18.90720837319228,0.2626001162943372,4101,60840311,19408,0,14,72,72,72,0,0,0,0,14,BENIGN
6,53313,82.98163674901056,0.2626001162943372,4101,60844625,19408,0,14,316,316,316,0,0,0,0,14,BENIGN
6,34168,21.072348396160148,0.2926715055022243,3796,51732068,17981,0,10,72,72,72,0,0,0,0,10,BENIGN
6,34172,92.47337001053494,0.29263724686878145,3796,51730847,17981,0,10,316,316,316,0,0,0,0,10,BENIGN
6,31084,18.530433663621157,0.2573671342169605,4440,137439018,31027,0,8,72,72,72,0,0,0,0,8,BENIGN
6,31084,81.32801441255951,0.2573671342169605,4440,137439018,31027,0,8,316,316,316,0,0,0,0,8,BENIGN
6,22,309000.0,636.3636363636364,1,31,20,0,14,0,1621,485,478335,0,2,0,10,BENIGN
6,22,331181.8181818182,590.9090909090909,1,36,20,0,13,0,3069,560,860077,0,2,0,10,BENIGN
6,51970,8.312487973831056,0.11545122185876468,10394,539315329,51937,0,6,72,72,72,0,0,0,0,6,BENIGN
6,51970,36.482586107369634,0.11545122185876468,10394,539315329,51937,0,6,316,316,316,0,0,0,0,6,BENIGN
6,33176,21.702435495538943,0.30142271521581865,3686,53391018,17390,0,10,72,72,72,0,0,0,0,10,BENIGN
6,33176,95.2495780081987,0.30142271521581865,3686,53395947,17390,0,10,316,316,316,0,0,0,0,10,BENIGN
6,32175,17.902097902097903,0.24864024864024864,4596,140109395,31433,0,8,72,72,72,0,0,0,0,8,BENIGN
6,32174,78.5727606141605,0.2486479766270902,4596,140111172,31433,0,8,316,316,316,0,0,0,0,8,BENIGN
6,20812,13.838170286373247,0.19219680953296175,6937,144379781,20812,0,4,72,72,72,0,0,0,0,4,BENIGN
6,20812,60.734191812415915,0.19219680953296175,6937,144379781,20812,0,4,316,316,316,0,0,0,0,4,BENIGN
6,149,10416.107382550335,40.26845637583892,29,3090,128,0,6,72,632,258,83611,0,0,0,6,BENIGN
6,148,24297.297297297297,54.054054054054056,21,1232,95,0,8,243,923,449,86412,0,0,0,8,BENIGN
6,23,295565.2173913043,565.2173913043479,1,39,21,0,13,0,3069,522,888390,0,2,0,10,BENIGN
6,20,364300.0,650.0,1,25,17,0,13,0,3069,560,860077,0,2,0,10,BENIGN
6,50054,11.507571822431773,0.15982738642266353,7150,356844498,49990,0,8,72,72,72,0,0,0,0,8,BENIGN
6,50053,50.50646314906199,0.15983057958563923,7150,356832004,49989,0,8,316,316,316,0,0,0,0,8,BENIGN
