Time,Protocol,Flow Duration,Flow Byts/s,Flow Pkts/s,Flow IAT Mean,Flow IAT Std,Flow IAT Max,Flow IAT Min,Pkt Num,Pkt Len Min,Pkt Len Max,Pkt Len Mean,Pkt Len Std,FIN Flag Cnt,SYN Flag Cnt,RST Flag Cnt,PSH Flag Cnt,Label
07/07/2017 09:01:09 AM,17,8387,188.86371765828068,2.861571479670919,364,498738,2233,0,24,48,98,66,372,0,0,0,0,BENIGN
07/07/2017 09:02:08 AM,17,32,30187.5,250.0,4,60,19,0,8,89,163,120,945,0,0,0,0,BENIGN
07/07/2017 09:03:36 AM,17,5234,75.65915170042032,1.146350783339702,1046,3358457,4232,0,6,66,66,66,0,0,0,0,0,BENIGN
07/07/2017 09:04:41 AM,17,1002,263.47305389221555,3.992015968063872,334,334668,1002,0,4,66,66,66,0,0,0,0,0,BENIGN
07/07/2017 09:06:49 AM,17,1002,263.47305389221555,3.992015968063872,334,334668,1002,0,4,66,66,66,0,0,0,0,0,BENIGN
07/07/2017 09:07:08 AM,17,682,454.54545454545456,5.865102639296188,227,155041,682,0,4,66,89,77,181,0,0,0,0,BENIGN
07/07/2017 09:08:38 AM,17,1002,263.47305389221555,3.992015968063872,334,334668,1002,0,4,66,66,66,0,0,0,0,0,BENIGN
07/07/2017 09:09:08 AM,17,3061,129.36948709572036,1.9601437438745508,612,842308,2059,0,6,66,66,66,0,0,0,0,0,BENIGN
07/07/2017 09:10:40 AM,17,1002,263.47305389221555,3.992015968063872,334,334668,1002,0,4,66,66,66,0,0,0,0,0,BENIGN
07/07/2017 09:11:10 AM,17,7319,54.10575215193332,0.8197841235141413,1463,7548186,6317,0,6,66,66,66,0,0,0,0,0,BENIGN
07/07/2017 09:11:45 AM,17,1002,263.47305389221555,3.992015968063872,334,334668,1002,0,4,66,66,66,0,0,0,0,0,BENIGN
07/07/2017 09:12:18 AM,6,14977,255.32483140815918,9.681511651198504,104,2191,137,0,145,0,185,26,586,0,24,22,98,BENIGN
07/07/2017 09:12:18 AM,6,5960,716.4429530201343,3.523489932885906,298,1233561,5012,0,21,0,271,203,9190,1,1,0,18,BENIGN
07/07/2017 09:12:18 AM,6,5678,619.2321239873195,1.9373018668545263,567,2432023,5002,0,11,0,1378,319,182469,1,1,0,7,BENIGN
07/07/2017 09:12:18 AM,6,6847,725.8653424857602,1.898641740908427,570,2948669,6020,0,13,0,1597,382,210927,1,1,0,9,BENIGN
07/07/2017 09:12:18 AM,6,6423,929.6278997353262,2.802428771602055,377,1429399,5011,0,18,0,474,331,36929,1,1,0,15,BENIGN
07/07/2017 09:12:08 AM,17,9738,98.58287122612447,1.2322858903265557,885,8535384,9692,0,12,51,133,80,1055,0,0,0,0,BENIGN
07/07/2017 09:14:16 AM,17,979,269.6629213483146,4.085801838610827,326,318339,978,0,4,66,66,66,0,0,0,0,0,BENIGN
07/07/2017 09:15:00 AM,17,1002,263.47305389221555,3.992015968063872,334,334668,1002,0,4,66,66,66,0,0,0,0,0,BENIGN
07/07/2017 09:15:31 AM,17,8937,44.31017119838872,0.671366230278617,1787,11998335,7935,0,6,66,66,66,0,0,0,0,0,BENIGN
07/07/2017 09:17:08 AM,17,7400,77.56756756756756,1.0810810810810811,1057,5449338,6286,0,8,66,89,71,123,0,0,0,0,BENIGN
07/07/2017 09:18:09 AM,17,1002,263.47305389221555,3.992015968063872,334,334668,1002,0,4,66,66,66,0,0,0,0,0,BENIGN
07/07/2017 09:19:38 AM,17,1002,263.47305389221555,3.992015968063872,334,334668,1002,0,4,66,66,66,0,0,0,0,0,BENIGN
07/07/2017 09:21:36 AM,17,1002,263.47305389221555,3.992015968063872,334,334668,1002,0,4,66,66,66,0,0,0,0,0,BENIGN
07/07/2017 09:25:11 AM,17,971,271.8846549948507,4.11946446961895,323,314118,971,0,4,66,66,66,0,0,0,0,0,BENIGN
07/07/2017 09:30:08 AM,17,1002,263.47305389221555,3.992015968063872,334,334668,1002,0,4,66,66,66,0,0,0,0,0,BENIGN
07/07/2017 09:31:08 AM,17,12,589000.0,1333.3333333333333,0,6,9,0,16,89,1454,441,364303,0,0,0,0,BENIGN
07/07/2017 09:36:42 AM,17,1002,263.47305389221555,3.992015968063872,334,334668,1002,0,4,66,66,66,0,0,0,0,0,BENIGN
07/07/2017 09:42:08 AM,17,7163,107.21764623760994,1.1168504816417701,1023,5268061,6159,0,8,66,163,96,1867,0,0,0,0,BENIGN
07/07/2017 09:47:08 AM,17,4570,96.71772428884026,1.312910284463895,914,2389687,3568,0,6,66,89,73,148,0,0,0,0,BENIGN
07/07/2017 09:56:16 AM,17,4493,96.1495659915424,1.7805475183618962,641,646787,1625,0,8,50,66,54,64,0,0,0,0,BENIGN
07/07/2017 09:58:15 AM,17,978,269.93865030674846,4.08997955010225,326,318828,978,0,4,66,66,66,0,0,0,0,0,BENIGN
07/07/2017 09:01:17 AM,6,5100,127.6470588235294,0.9803921568627451,1275,6184635,5005,0,5,0,646,130,83135,1,1,0,2,BENIGN
07/07/2017 09:59:56 AM,6,4526,1745.4706142288996,5.302695536897923,196,175335,1881,0,24,0,1448,329,293335,2,2,0,6,BENIGN
07/07/2017 09:59:56 AM,17,350,1291.4285714285713,17.142857142857142,70,17017,300,0,6,55,104,75,533,0,0,0,0,BENIGN
07/07/2017 10:01:00 AM,6,5680,1390.8450704225352,4.225352112676056,246,150848,1455,0,24,0,1448,329,292930,2,2,0,6,BENIGN
07/07/2017 10:02:04 AM,6,3656,1254.1028446389496,5.470459518599562,192,55501,721,0,20,0,1448,229,203285,2,2,0,5,BENIGN
07/07/2017 10:03:07 AM,6,10853,727.909333824749,2.2113701280751865,471,894838,3949,0,24,0,1448,329,293205,2,2,0,6,BENIGN
07/07/2017 10:04:18 AM,6,2990,2642.1404682274247,8.02675585284281,130,25125,590,0,24,0,1448,329,293415,2,2,0,6,BENIGN
07/07/2017 10:05:22 AM,6,5537,1426.7653964240562,4.334477153693336,240,304915,2114,0,24,0,1448,329,293271,2,2,0,6,BENIGN
07/07/2017 10:06:28 AM,6,4671,1691.2866623849284,4.923999143652323,212,89318,1077,0,23,0,1953,343,367959,2,2,0,6,BENIGN
07/07/2017 10:07:32 AM,6,3687,2142.6634119880664,6.509357200976404,160,39496,694,0,24,0,1448,329,293246,2,2,0,6,BENIGN
07/07/2017 10:08:35 AM,6,3894,2028.7621982537237,6.163328197226503,169,41681,677,0,24,0,1448,329,292913,2,2,0,6,BENIGN
07/07/2017 10:09:38 AM,6,2250,2037.7777777777778,8.88888888888889,118,17618,567,0,20,0,1448,229,203285,2,2,0,5,BENIGN
07/07/2017 10:09:40 AM,17,10194,38.84638022366098,0.5885815185403178,2038,16177825,9192,0,6,66,66,66,0,0,0,0,0,BENIGN
07/07/2017 10:10:40 AM,6,6885,1147.4219317356572,3.3405954974582426,312,260886,2244,0,23,0,1953,343,367979,2,2,0,6,BENIGN
07/07/2017 10:10:50 AM,17,1003,263.21036889332004,3.988035892323031,334,334334,1002,0,4,66,66,66,0,0,0,0,0,BENIGN
07/07/2017 10:11:44 AM,6,6752,1170.0236966824646,3.5545023696682465,293,161235,1506,0,24,0,1448,329,292617,2,2,0,6,BENIGN
07/07/2017 10:12:47 AM,6,7330,1077.762619372442,3.2742155525238745,318,237725,1788,0,24,0,1448,329,292617,2,2,0,6,BENIGN
07/07/2017 10:13:50 AM,6,8911,886.5447200089777,2.693300415217147,387,366153,2115,0,24,0,1448,329,292617,2,2,0,6,BENIGN
07/07/2017 10:13:02 AM,17,1002,263.47305389221555,3.992015968063872,334,334668,1002,0,4,66,66,66,0,0,0,0,0,BENIGN
07/07/2017 10:14:53 AM,6,7802,1012.560881825173,3.076134324532171,339,426077,3078,0,24,0,1448,329,292617,2,2,0,6,BENIGN
07/07/2017 10:15:59 AM,6,6682,1182.2807542651901,3.5917390002993117,290,294652,1909,0,24,0,1448,329,293287,2,2,0,6,BENIGN
07/07/2017 10:16:23 AM,17,1001,263.7362637362637,3.996003996003996,333,333833,1001,0,4,66,66,66,0,0,0,0,0,BENIGN
07/07/2017 10:17:06 AM,6,1523,5187.130663164807,14.445173998686803,72,7582,298,0,22,0,3401,359,649428,2,2,0,6,BENIGN
07/07/2017 10:18:08 AM,6,5371,1470.8620368646434,4.468441630981196,233,123917,1156,0,24,0,1448,329,293287,2,2,0,6,BENIGN
07/07/2017 10:19:12 AM,6,2927,1566.4502903997268,6.832934745473181,154,30213,683,0,20,0,1448,229,203453,2,2,0,5,BENIGN
07/07/2017 10:20:15 AM,6,5669,1393.5438348915152,4.233550890809666,246,142639,1682,0,24,0,1448,329,293287,2,2,0,6,BENIGN
07/07/2017 10:21:20 AM,17,1002,263.47305389221555,3.992015968063872,334,334668,1002,0,4,66,66,66,0,0,0,0,0,BENIGN
07/07/2017 10:21:20 AM,6,2312,3416.955017301038,9.948096885813149,105,23878,691,0,23,0,1448,343,300868,2,2,0,6,BENIGN
07/07/2017 10:22:21 AM,6,6403,1233.7966578166483,3.7482430110885523,278,123139,1180,0,24,0,1448,329,292948,2,2,0,6,BENIGN
07/07/2017 10:23:26 AM,6,3715,2126.514131897712,6.460296096904441,161,38769,679,0,24,0,1448,329,292617,2,2,0,6,BENIGN
07/07/2017 10:24:28 AM,6,3249,1411.2034472145276,5.847953216374269,180,39818,637,0,19,0,2896,241,444347,2,2,0,5,BENIGN
07/07/2017 10:25:33 AM,6,4098,1927.7696437286481,5.856515373352855,178,70462,1076,0,24,0,1448,329,293345,2,2,0,6,BENIGN
07/07/2017 10:26:36 AM,6,2378,1928.0908326324643,8.410428931875526,125,17960,501,0,20,0,1448,229,203453,2,2,0,5,BENIGN
07/07/2017 10:27:39 AM,6,2564,3081.1232449297972,9.360374414976599,111,20084,430,0,24,0,1448,329,293269,2,2,0,6,BENIGN
07/07/2017 10:28:45 AM,6,1487,5312.7101546738395,15.46738399462004,67,8849,370,0,23,0,1448,343,301390,2,2,0,6,BENIGN
07/07/2017 10:29:46 AM,6,5734,1377.7467736309732,4.185559818625741,249,215488,1958,0,24,0,1448,329,293289,2,2,0,6,BENIGN
07/07/2017 10:30:52 AM,6,2828,2793.4936350777934,8.486562942008486,122,66817,1037,0,24,0,1448,329,293271,2,2,0,6,BENIGN
07/07/2017 10:31:55 AM,6,1688,4680.094786729858,14.218009478672986,73,9105,385,0,24,0,1448,329,293498,2,2,0,6,BENIGN
07/07/2017 10:32:57 AM,6,4305,1835.075493612079,5.574912891986063,187,70528,849,0,24,0,1448,329,293410,2,2,0,6,BENIGN
07/07/2017 10:34:01 AM,6,3596,2196.885428253615,6.674082313681868,156,48811,719,0,24,0,1448,329,293246,2,2,0,6,BENIGN
07/07/2017 10:35:04 AM,6,5410,1460.2587800369686,4.436229205175601,235,143483,1474,0,24,0,1448,329,292785,2,2,0,6,BENIGN
07/07/2017 10:36:07 AM,6,6559,1204.4518981552067,3.6590943741424,285,206515,1640,0,24,0,1448,329,292617,2,2,0,6,BENIGN
07/07/2017 10:37:10 AM,6,5178,1525.6855928930088,4.634994206257242,225,136899,1333,0,24,0,1448,329,292617,2,2,0,6,BENIGN
07/07/2017 10:38:13 AM,6,5268,1499.6203492786635,4.555808656036446,229,116170,1494,0,24,0,1448,329,292617,2,2,0,6,BENIGN
07/07/2017 10:39:15 AM,6,5498,1436.8861404146962,4.365223717715533,239,134761,1560,0,24,0,1448,329,292617,2,2,0,6,BENIGN
07/07/2017 10:40:18 AM,6,4887,1616.5336607325557,4.910988336402701,212,61820,927,0,24,0,1448,329,292617,2,2,0,6,BENIGN
07/07/2017 10:41:22 AM,6,4498,1756.3361493997331,5.335704757670076,195,89411,1070,0,24,0,1448,329,293246,2,2,0,6,BENIGN
07/07/2017 10:42:26 AM,6,4276,1847.5210477081384,5.612722170252573,185,84962,1333,0,24,0,1448,329,292692,2,2,0,6,BENIGN
07/07/2017 10:43:28 AM,6,4448,1776.0791366906474,5.170863309352518,202,212090,2189,0,23,0,1448,343,300868,2,2,0,6,BENIGN
07/07/2017 10:44:29 AM,6,8369,943.9598518341498,2.867726132154379,363,370356,2112,0,24,0,1448,329,292617,2,2,0,6,BENIGN
07/07/2017 10:45:35 AM,6,5353,856.5290491313282,3.736222678871661,281,266521,1701,0,20,0,1448,229,203453,2,2,0,5,BENIGN
07/07/2017 10:46:39 AM,6,3641,2169.7335896731665,6.591595715462785,158,82279,1277,0,24,0,1448,329,292936,2,2,0,6,BENIGN
07/07/2017 10:47:43 AM,6,4688,1685.1535836177475,5.1194539249146755,203,230995,2113,0,24,0,1448,329,293289,2,2,0,6,BENIGN
07/07/2017 10:48:48 AM,6,1811,4362.230811706239,13.252346769740475,78,14047,533,0,24,0,1448,329,293347,2,2,0,6,BENIGN
07/07/2017 10:49:50 AM,6,2387,3309.5936321742774,10.054461667364894,103,13575,453,0,24,0,1448,329,292760,2,2,0,6,BENIGN
07/07/2017 10:50:53 AM,6,6646,1188.6849232621125,3.6111947035811016,288,223993,2006,0,24,0,1448,329,293335,2,2,0,6,BENIGN
07/07/2017 10:51:59 AM,6,5905,1337.8492802709568,4.064352243861134,256,174182,1700,0,24,0,1448,329,292617,2,2,0,6,BENIGN
07/07/2017 10:53:02 AM,6,4102,1925.8898098488542,5.60702096538274,186,241497,2352,0,23,0,1448,343,300868,2,2,0,6,BENIGN
07/07/2017 10:54:03 AM,6,4354,1053.0546623794212,4.593477262287552,229,143763,1405,0,20,0,1448,229,203450,2,2,0,5,BENIGN
07/07/2017 10:55:07 AM,6,1583,4990.524320909665,13.26595072646873,79,5342,240,0,21,0,1953,376,391202,2,2,0,6,BENIGN
07/07/2017 10:56:08 AM,6,5303,864.6049405996606,3.771450122572129,279,212169,1796,0,20,0,1448,229,203285,2,2,0,5,BENIGN
07/07/2017 10:57:12 AM,6,2660,2969.9248120300754,8.270676691729323,126,27151,695,0,22,0,2896,359,508868,2,2,0,6,BENIGN
07/07/2017 10:58:14 AM,6,6347,1244.6825271781945,3.7813140066172997,275,188415,1772,0,24,0,1448,329,292693,2,2,0,6,BENIGN
07/07/2017 10:59:16 AM,6,6609,1195.339688303828,3.631411711302769,287,513421,3497,0,24,0,1448,329,292617,2,2,0,6,BENIGN
07/07/2017 11:00:18 AM,6,8271,955.1444807157538,2.901704751541531,359,238897,1495,0,24,0,1448,329,292617,2,2,0,6,BENIGN
07/07/2017 11:01:23 AM,6,6666,1185.118511851185,3.3003300330033003,317,141777,1484,0,22,0,3401,359,648342,2,2,0,6,BENIGN
07/07/2017 11:02:27 AM,6,5083,1554.200275427897,4.721621089907535,221,86573,1086,0,24,0,1448,329,292617,2,2,0,6,BENIGN
07/07/2017 11:03:31 AM,6,3215,2457.2317262830484,7.465007776049767,139,25230,605,0,24,0,1448,329,293246,2,2,0,6,BENIGN
07/07/2017 11:04:34 AM,6,3751,2106.1050386563584,5.865102639296188,178,50983,862,0,22,0,3401,359,648934,2,2,0,6,BENIGN
07/07/2017 11:05:40 AM,6,7573,1043.1797174171397,3.1691535719001718,329,308363,2083,0,24,0,1448,329,293164,2,2,0,6,BENIGN
07/07/2017 11:06:48 AM,6,2716,2908.6892488954345,8.836524300441827,118,42193,894,0,24,0,1448,329,293503,2,2,0,6,BENIGN
07/07/2017 11:07:50 AM,6,1913,2396.759017250392,10.454783063251437,100,8832,342,0,20,0,1448,229,203453,2,2,0,5,BENIGN
07/07/2017 11:07:08 AM,17,1001,441.5584415584416,5.994005994005994,200,135619,848,0,6,66,89,73,141,0,0,0,0,BENIGN
07/07/2017 11:08:53 AM,6,3455,2286.5412445730826,6.9464544138929085,150,40109,657,0,24,0,1448,329,293287,2,2,0,6,BENIGN
07/07/2017 11:09:40 AM,17,10224,38.732394366197184,0.5868544600938967,2044,16288728,9223,0,6,66,66,66,0,0,0,0,0,BENIGN
07/07/2017 11:09:56 AM,6,1947,4057.5243965074474,11.813045711350796,88,6562,273,0,23,0,1448,343,300868,2,2,0,6,BENIGN
07/07/2017 11:10:57 AM,6,4088,1932.4853228962818,5.626223091976517,185,63629,857,0,23,0,1953,343,367918,2,2,0,6,BENIGN
07/07/2017 11:10:50 AM,17,1000,264.0,4.0,333,333333,1000,0,4,66,66,66,0,0,0,0,0,BENIGN
07/07/2017 11:12:01 AM,6,2639,2993.558165971959,9.09435392194013,114,12634,396,0,24,0,1448,329,293287,2,2,0,6,BENIGN
07/07/2017 11:13:03 AM,6,1975,4000.0,11.645569620253164,89,8226,325,0,23,0,1448,343,300868,2,2,0,6,BENIGN
07/07/2017 11:14:04 AM,6,3128,2525.5754475703325,7.672634271099744,136,43948,905,0,24,0,1448,329,293333,2,2,0,6,BENIGN
07/07/2017 11:13:02 AM,17,1001,263.7362637362637,3.996003996003996,333,333833,1001,0,4,66,66,66,0,0,0,0,0,BENIGN
07/07/2017 11:15:07 AM,6,3245,2434.5146379044686,7.395993836671803,141,55637,988,0,24,0,1448,329,293415,2,2,0,6,BENIGN
07/07/2017 11:16:23 AM,17,1001,263.7362637362637,3.996003996003996,333,333833,1001,0,4,66,66,66,0,0,0,0,0,BENIGN
07/07/2017 11:16:10 AM,6,2796,1639.8426323319027,7.15307582260372,147,53222,940,0,20,0,1448,229,203450,2,2,0,5,BENIGN
07/07/2017 11:17:13 AM,6,2022,3907.0227497527203,11.374876360039565,91,10908,382,0,23,0,1953,343,368029,2,2,0,6,BENIGN
07/07/2017 11:18:15 AM,6,2487,3176.517893043828,9.650180940892641,108,21167,514,0,24,0,1448,329,293205,2,2,0,6,BENIGN
07/07/2017 11:19:19 AM,6,1598,4943.6795994993745,15.018773466833542,69,12564,433,0,24,0,1448,329,293412,2,2,0,6,BENIGN
07/07/2017 11:17:08 AM,17,1,504000.0,4000.0,0,0,1,0,4,89,163,126,1841,0,0,0,0,BENIGN
07/07/2017 11:20:21 AM,6,1293,6109.8221191028615,18.561484918793504,56,3474,199,0,24,0,1448,329,293173,2,2,0,6,BENIGN
07/07/2017 11:21:20 AM,17,1001,263.7362637362637,3.996003996003996,333,333833,1001,0,4,66,66,66,0,0,0,0,0,BENIGN
07/07/2017 11:21:24 AM,6,3361,2350.4909253198452,7.1407319250223145,146,44250,726,0,24,0,1448,329,293246,2,2,0,6,BENIGN
07/07/2017 11:22:28 AM,6,1622,4870.530209617756,14.796547472256474,70,7911,350,0,24,0,1448,329,293172,2,2,0,6,BENIGN
07/07/2017 11:23:29 AM,6,2863,2759.343346140412,8.033531260915124,130,17830,462,0,23,0,1448,343,300868,2,2,0,6,BENIGN
07/07/2017 11:24:31 AM,6,5088,1552.6729559748428,4.716981132075472,221,96785,1216,0,24,0,1448,329,292934,2,2,0,6,BENIGN
07/07/2017 11:25:35 AM,6,2031,3889.7095027080254,11.816838995568686,88,22213,628,0,24,0,1448,329,293269,2,2,0,6,BENIGN
07/07/2017 11:26:38 AM,6,3912,2019.4274028629857,6.134969325153374,170,64057,960,0,24,0,1448,329,293289,2,2,0,6,BENIGN
07/07/2017 11:27:42 AM,6,2091,3778.0966044954566,11.477761836441895,90,21349,598,0,24,0,1448,329,293352,2,2,0,6,BENIGN
07/07/2017 11:28:44 AM,6,3182,2482.7152734129477,7.54242614707731,138,48715,1027,0,24,0,1448,329,293487,2,2,0,6,BENIGN
07/07/2017 11:29:47 AM,6,1505,5249.169435215947,15.946843853820598,65,17021,606,0,24,0,1448,329,293259,2,2,0,6,BENIGN
07/07/2017 11:30:49 AM,6,1957,4036.791006642821,12.263668880940214,85,16971,513,0,24,0,1448,329,293269,2,2,0,6,BENIGN
07/07/2017 11:31:51 AM,6,2500,3160.0,9.6,108,21410,654,0,24,0,1448,329,293492,2,2,0,6,BENIGN
07/07/2017 11:32:53 AM,6,4945,1597.5733063700707,4.853387259858443,215,74449,926,0,24,0,1448,329,292918,2,2,0,6,BENIGN
07/07/2017 11:33:58 AM,6,1943,4065.8775090066906,11.837364899639732,88,21987,697,0,23,0,1448,343,301390,2,2,0,6,BENIGN
07/07/2017 11:35:00 AM,6,3013,2621.971457019582,7.965482907401261,131,79288,1015,0,24,0,1448,329,293370,2,2,0,6,BENIGN
07/07/2017 11:36:06 AM,6,7780,1015.4241645244216,3.0848329048843186,338,232808,1312,0,24,0,1448,329,292781,2,2,0,6,BENIGN
07/07/2017 11:37:13 AM,6,4470,1767.337807606264,5.369127516778524,194,146713,1724,0,24,0,1448,329,293450,2,2,0,6,BENIGN
07/07/2017 11:38:17 AM,6,1652,4782.082324455206,13.317191283292978,78,6690,310,0,22,0,1448,359,309286,2,2,0,6,BENIGN
07/07/2017 11:39:18 AM,6,5003,1579.0525684589247,4.597241655006996,227,121162,1151,0,23,0,1953,343,367921,2,2,0,6,BENIGN
07/07/2017 11:40:23 AM,6,2855,2767.07530647986,8.40630472854641,124,24913,686,0,24,0,1448,329,293351,2,2,0,6,BENIGN
07/07/2017 11:41:26 AM,6,3049,2591.0134470318135,7.54345687110528,138,41103,827,0,23,0,2896,343,492041,2,2,0,6,BENIGN
07/07/2017 11:42:28 AM,6,1819,4343.04562946674,12.094557449147883,86,6706,233,0,22,0,1448,359,309286,2,2,0,6,BENIGN
07/07/2017 11:43:29 AM,6,3940,2005.0761421319796,6.091370558375634,171,87821,1046,0,24,0,1448,329,292913,2,2,0,6,BENIGN
07/07/2017 11:44:32 AM,6,2838,1615.5743481324876,7.047216349541931,149,52121,838,0,20,0,1448,229,203285,2,2,0,5,BENIGN
07/07/2017 11:45:34 AM,6,2966,2663.5198921105866,8.091706001348618,128,32223,748,0,24,0,1448,329,293246,2,2,0,6,BENIGN
07/07/2017 11:46:37 AM,6,2111,3742.30222643297,11.369019422074846,91,18986,650,0,24,0,1448,329,293287,2,2,0,6,BENIGN
07/07/2017 11:47:39 AM,6,2008,3934.262948207171,11.952191235059761,87,15364,477,0,24,0,1448,329,293205,2,2,0,6,BENIGN
07/07/2017 11:48:41 AM,6,1105,7149.321266968326,21.71945701357466,48,3423,206,0,24,0,1448,329,293704,2,2,0,6,BENIGN
07/07/2017 11:49:42 AM,6,1509,5235.2551358515575,15.904572564612327,65,4073,198,0,24,0,1448,329,292665,2,2,0,6,BENIGN
07/07/2017 11:50:43 AM,6,8257,956.7639578539421,2.9066246820879256,359,655536,3757,0,24,0,1448,329,293157,2,2,0,6,BENIGN
07/07/2017 11:51:46 AM,6,7648,1032.949790794979,3.1380753138075312,332,1112528,5116,0,24,0,1448,329,292617,2,2,0,6,BENIGN
07/07/2017 11:52:47 AM,6,8005,986.8831980012492,2.873204247345409,363,1172459,5116,0,23,0,2896,343,491423,2,2,0,6,BENIGN
07/07/2017 11:53:49 AM,6,9160,862.4454148471616,2.6200873362445414,398,292216,1604,0,24,0,1448,329,292617,2,2,0,6,BENIGN
07/07/2017 11:54:54 AM,6,9107,867.4645876798068,2.635335456242451,395,352562,2072,0,24,0,1448,329,292617,2,2,0,6,BENIGN
07/07/2017 11:55:58 AM,6,5741,1376.0668873018637,4.0062706845497305,260,397868,2985,0,23,0,1448,343,300738,2,2,0,6,BENIGN
07/07/2017 11:57:08 AM,17,1,504000.0,4000.0,0,0,1,0,4,89,163,126,1841,0,0,0,0,BENIGN
07/07/2017 11:57:00 AM,6,6502,1215.010765918179,3.6911719470932023,282,229345,2037,0,24,0,1448,329,292617,2,2,0,6,BENIGN
07/07/2017 11:57:27 AM,17,1001,263.7362637362637,3.996003996003996,333,333833,1001,0,4,66,66,66,0,0,0,0,0,BENIGN
07/07/2017 11:58:02 AM,6,7774,1016.2078723951633,3.0872137895549265,338,310922,2346,0,24,0,1448,329,292617,2,2,0,6,BENIGN
07/07/2017 11:58:27 AM,17,13962,28.362698753760206,0.42973785990545765,2792,32493830,12960,0,6,66,66,66,0,0,0,0,0,BENIGN
07/07/2017 11:59:05 AM,6,7330,1077.762619372442,3.1377899045020463,333,378481,2814,0,23,0,1953,343,367355,2,2,0,6,BENIGN
07/07/2017 11:59:10 AM,17,1001,263.7362637362637,3.996003996003996,333,333833,1001,0,4,66,66,66,0,0,0,0,0,BENIGN
07/07/2017 12:00:07 PM,6,6606,1195.8825310323948,3.48168331819558,300,859921,4367,0,23,0,1448,343,300738,2,2,0,6,BENIGN
07/07/2017 12:01:24 PM,17,1001,263.7362637362637,3.996003996003996,333,333833,1001,0,4,66,66,66,0,0,0,0,0,BENIGN
07/07/2017 12:01:09 PM,6,6765,1167.7753141167775,3.5476718403547673,294,471245,3291,0,24,0,1448,329,292617,2,2,0,6,BENIGN
07/07/2017 12:02:25 PM,17,1001,263.7362637362637,3.996003996003996,333,333833,1001,0,4,66,66,66,0,0,0,0,0,BENIGN
07/07/2017 12:02:12 PM,6,7303,1081.7472271669178,3.286320690127345,317,418225,2939,0,24,0,1448,329,292617,2,2,0,6,BENIGN
07/07/2017 12:03:13 PM,6,8220,961.0705596107056,2.9197080291970803,357,1334302,5631,0,24,0,1448,329,292617,2,2,0,6,BENIGN
07/07/2017 12:03:10 PM,17,1001,263.7362637362637,3.996003996003996,333,333833,1001,0,4,66,66,66,0,0,0,0,0,BENIGN
07/07/2017 12:04:15 PM,6,8788,898.9531178880292,2.7309968138370504,382,1241885,5420,0,24,0,1448,329,292617,2,2,0,6,BENIGN
07/07/2017 12:05:17 PM,6,10364,762.2539560015438,2.2192203782323427,471,1668211,6045,0,23,0,1448,343,300868,2,2,0,6,BENIGN
07/07/2017 12:05:49 PM,17,1002,263.47305389221555,3.992015968063872,334,334668,1002,0,4,66,66,66,0,0,0,0,0,BENIGN
07/07/2017 12:06:19 PM,6,13453,587.2296142124433,1.7839887014048912,584,1128616,4481,0,24,0,1448,329,292617,2,2,0,6,BENIGN
07/07/2017 12:07:24 PM,6,14267,553.725380248125,1.682203686829747,620,1623526,5977,0,24,0,1448,329,292617,2,2,0,6,BENIGN
07/07/2017 12:08:27 PM,6,14410,548.2303955586399,1.6655100624566272,626,5155404,10996,0,24,0,1448,329,292617,2,2,0,6,BENIGN
07/07/2017 12:09:28 PM,6,14949,528.4634423707272,1.4716703458425313,711,7426967,12594,0,22,0,2896,359,508915,2,2,0,6,BENIGN
07/07/2017 12:10:31 PM,6,12928,611.0767326732673,1.7790841584158417,587,5387781,10972,0,23,0,1448,343,300738,2,2,0,6,BENIGN
07/07/2017 12:11:04 PM,17,1002,263.47305389221555,3.992015968063872,334,334668,1002,0,4,66,66,66,0,0,0,0,0,BENIGN
07/07/2017 12:11:32 PM,6,14176,557.2799097065463,1.6224604966139955,644,3654713,9070,0,23,0,1953,343,367306,2,2,0,6,BENIGN
07/07/2017 12:13:02 PM,17,1002,263.47305389221555,3.992015968063872,334,334668,1002,0,4,66,66,66,0,0,0,0,0,BENIGN
07/07/2017 12:12:35 PM,6,13732,575.2985726769589,1.747742499271774,597,3835251,9502,0,24,0,1448,329,292617,2,2,0,6,BENIGN
07/07/2017 12:13:37 PM,6,14289,552.8728392469732,1.6096297851494157,649,5665573,11258,0,23,0,1448,343,300868,2,2,0,6,BENIGN
07/07/2017 12:14:06 PM,17,1003,263.21036889332004,3.988035892323031,334,335169,1003,0,4,66,66,66,0,0,0,0,0,BENIGN
07/07/2017 12:14:38 PM,6,14915,529.6681193429433,1.542071739859202,677,6779301,12319,0,23,0,1448,343,300738,2,2,0,6,BENIGN
07/07/2017 12:15:41 PM,6,14225,523.1634446397188,1.476274165202109,711,3729096,8702,0,21,0,1448,354,324112,1,2,0,5,BENIGN
07/07/2017 12:15:56 PM,6,96,4770.833333333333,31.25,48,4608,96,0,3,0,458,152,69921,1,0,0,1,BENIGN
07/07/2017 12:16:24 PM,17,1001,263.7362637362637,3.996003996003996,333,333833,1001,0,4,66,66,66,0,0,0,0,0,BENIGN
07/07/2017 12:16:45 PM,6,12995,607.9261254328588,1.7699115044247788,590,5304844,10892,0,23,0,1448,343,300738,2,2,0,6,BENIGN
07/07/2017 12:17:46 PM,6,13624,579.8590722254844,1.6881972988843217,619,5652494,11240,0,23,0,1448,343,300868,2,2,0,6,BENIGN
07/07/2017 12:18:47 PM,6,14424,547.6982806433722,1.663893510815308,627,3958153,9571,0,24,0,1448,329,292617,2,2,0,6,BENIGN
07/07/2017 12:18:06 PM,17,1001,263.7362637362637,3.996003996003996,333,333833,1001,0,4,66,66,66,0,0,0,0,0,BENIGN
07/07/2017 12:19:51 PM,6,14260,553.9971949509116,1.6830294530154277,620,3654599,9306,0,24,0,1448,329,292617,2,2,0,6,BENIGN
07/07/2017 12:20:53 PM,6,14558,542.656958373403,1.6485781013875533,632,6070187,11907,0,24,0,1448,329,292617,2,2,0,6,BENIGN
07/07/2017 12:21:20 PM,17,1001,263.7362637362637,3.996003996003996,333,333833,1001,0,4,66,66,66,0,0,0,0,0,BENIGN
07/07/2017 12:21:54 PM,6,14938,492.1006828223323,1.2719239523363235,829,8350611,12388,0,19,0,1448,386,348139,1,2,0,4,BENIGN
07/07/2017 12:22:09 PM,6,203,2704.4334975369457,24.63054187192118,50,3316,105,0,5,0,458,109,39413,1,0,0,2,BENIGN
07/07/2017 12:22:56 PM,6,14948,497.85924538399786,1.271073053251271,830,8474675,12478,0,19,0,1953,391,426013,1,2,0,5,BENIGN
07/07/2017 12:23:11 PM,6,98,4673.469387755102,40.816326530612244,32,3009,96,0,4,0,458,114,52466,1,0,0,1,BENIGN
07/07/2017 12:23:58 PM,6,14282,553.143817392522,1.6804369135975354,620,5490252,11346,0,24,0,1448,329,292617,2,2,0,6,BENIGN
07/07/2017 12:25:00 PM,6,14911,529.810207229562,1.47542083025954,710,6886194,12135,0,22,0,1448,359,309292,2,2,0,6,BENIGN
07/07/2017 12:26:01 PM,6,14990,527.0180120080054,1.467645096731154,713,8156595,13171,0,22,0,1448,359,309292,2,2,0,6,BENIGN
07/07/2017 12:27:02 PM,6,14967,527.8278880203113,1.6035277610743637,650,6790970,12593,0,24,0,1448,329,292617,2,2,0,6,BENIGN
07/07/2017 12:28:04 PM,6,14060,561.877667140825,1.4935988620199145,703,6181502,11239,0,21,0,3401,376,673842,2,2,0,6,BENIGN
07/07/2017 12:29:06 PM,6,14317,551.7915764475798,1.6763288398407488,622,3554358,9172,0,24,0,1448,329,292617,2,2,0,6,BENIGN
07/07/2017 12:30:09 PM,6,14846,532.1298666307423,1.4818806412501684,706,6237483,11585,0,22,0,3401,359,648342,2,2,0,6,BENIGN
07/07/2017 12:31:08 PM,17,2329,189.7810218978102,2.5762129669386002,465,425561,1359,0,6,66,89,73,148,0,0,0,0,BENIGN
07/07/2017 12:31:11 PM,6,14305,552.2544564837469,1.6078294302691367,650,6745587,12266,0,23,0,1448,343,300868,2,2,0,6,BENIGN
07/07/2017 12:32:12 PM,6,14832,495.6175836030205,1.2810140237324703,824,6928060,11291,0,19,0,1448,386,348139,1,2,0,4,BENIGN
07/07/2017 12:32:27 PM,6,328,1673.780487804878,15.24390243902439,82,3150,128,0,5,0,458,109,39413,1,0,0,2,BENIGN
07/07/2017 12:33:15 PM,6,14571,542.1728090041864,1.5784777983666187,662,4986895,10589,0,23,0,1953,343,367306,2,2,0,6,BENIGN
07/07/2017 12:34:18 PM,6,14187,556.8478184253189,1.6916895749629943,616,4983520,10830,0,24,0,1448,329,292617,2,2,0,6,BENIGN
07/07/2017 12:35:19 PM,6,13097,301.5957852943422,0.9925937237535314,1091,12496982,12314,0,13,0,1448,303,289068,1,2,0,3,BENIGN
07/07/2017 12:35:35 PM,6,3593,1099.3598664069023,2.7831895352073475,399,482449,2007,0,10,0,1448,395,345739,1,0,0,3,BENIGN
07/07/2017 12:36:23 PM,6,3561,1109.2389778152206,3.089019938219601,356,198360,1139,0,11,0,2896,359,744172,1,1,0,3,BENIGN
07/07/2017 12:35:10 PM,17,1001,263.7362637362637,3.996003996003996,333,333833,1001,0,4,66,66,66,0,0,0,0,0,BENIGN
07/07/2017 12:36:39 PM,6,734,5381.471389645777,13.623978201634877,81,4733,207,0,10,0,2896,395,811120,1,1,0,3,BENIGN
07/07/2017 12:37:27 PM,6,14221,523.3105970044301,1.47668940299557,711,2852213,7414,0,21,0,1448,354,324112,1,2,0,5,BENIGN
07/07/2017 12:37:42 PM,6,100,4580.0,30.0,50,5000,100,0,3,0,458,152,69921,1,0,0,1,BENIGN
07/07/2017 12:38:33 PM,6,10566,747.6812417187205,2.271436683702442,459,2372007,7488,0,24,0,1448,329,292617,2,2,0,6,BENIGN
07/07/2017 12:39:35 PM,6,12809,616.7538449527676,1.7956124599890702,582,2355994,7096,0,23,0,2896,343,491407,2,2,0,6,BENIGN
07/07/2017 12:40:37 PM,6,11595,681.3281586890902,1.8973695558430357,552,4563086,9863,0,22,0,1448,359,309286,2,2,0,6,BENIGN
07/07/2017 12:41:38 PM,6,12833,615.60040520533,1.8701784461934077,557,3817109,9475,0,24,0,1448,329,292617,2,2,0,6,BENIGN
07/07/2017 12:42:40 PM,6,12351,639.6243219172536,1.86219739292365,561,4353910,9880,0,23,0,1448,343,300868,2,2,0,6,BENIGN
07/07/2017 12:43:41 PM,6,12620,625.9904912836766,1.8225039619651346,573,4659770,10220,0,23,0,1448,343,300738,2,2,0,6,BENIGN
07/07/2017 12:44:43 PM,6,11917,662.9185197616849,1.9300159436099689,541,4712608,10255,0,23,0,1448,343,300868,2,2,0,6,BENIGN
07/07/2017 12:45:44 PM,6,13457,587.055064278814,1.7834584231255108,585,3130542,8601,0,24,0,1448,329,292617,2,2,0,6,BENIGN
07/07/2017 12:46:47 PM,6,11774,670.9699337523357,1.8685238661457448,560,4729159,10043,0,22,0,1448,359,309286,2,2,0,6,BENIGN
07/07/2017 12:47:48 PM,6,12272,643.7418513689701,1.955671447196871,533,3838636,9499,0,24,0,1448,329,292617,2,2,0,6,BENIGN
07/07/2017 12:48:50 PM,6,12799,617.2357215407453,1.875146495819986,556,3884838,9565,0,24,0,1448,329,292617,2,2,0,6,BENIGN
07/07/2017 12:49:52 PM,6,13491,585.5755688977837,1.77896375361352,586,4601766,10391,0,24,0,1448,329,292617,2,2,0,6,BENIGN
07/07/2017 12:50:54 PM,6,13366,591.0519227891665,1.7956007780936705,581,4962337,10786,0,24,0,1448,329,292617,2,2,0,6,BENIGN
07/07/2017 12:51:55 PM,6,13812,571.9664060237475,1.5928178395598032,657,6990053,12191,0,22,0,1448,359,309286,2,2,0,6,BENIGN
07/07/2017 12:52:56 PM,6,14965,527.8984296692282,1.536919478783829,680,4838797,10455,0,23,0,1448,343,300733,2,2,0,6,BENIGN
07/07/2017 12:53:59 PM,6,13133,601.5381101043174,1.7513134851138354,596,5133819,10719,0,23,0,1448,343,300868,2,2,0,6,BENIGN
07/07/2017 12:55:01 PM,6,11937,661.8078244114937,1.9267822736030829,542,4655857,10197,0,23,0,1448,343,300868,2,2,0,6,BENIGN
07/07/2017 12:56:03 PM,6,12080,653.9735099337748,1.9867549668874172,525,2219165,7224,0,24,0,1448,329,292617,2,2,0,6,BENIGN
07/07/2017 12:57:06 PM,6,10536,749.8101746393318,2.088078967350038,501,3008304,8016,0,22,0,1448,359,309286,2,2,0,6,BENIGN
07/07/2017 12:58:07 PM,6,10749,734.9520885663783,2.0467020187924456,511,3930979,9158,0,22,0,1448,359,309286,2,2,0,6,BENIGN
07/07/2017 12:59:08 PM,6,11444,690.3180706046837,2.0097867878364206,520,3836366,9276,0,23,0,1448,343,300868,2,2,0,6,BENIGN
07/07/2017 01:00:10 PM,6,11064,714.0274765003616,2.0788141720896602,502,1841726,6311,0,23,0,2896,343,491423,2,2,0,6,BENIGN
07/07/2017 01:01:14 PM,6,7920,997.4747474747475,3.0303030303030303,344,868854,4420,0,24,0,1448,329,292617,2,2,0,6,BENIGN
07/07/2017 01:02:17 PM,6,6007,1315.1323455968038,3.6623938738138837,286,877052,4353,0,22,0,1448,359,309286,2,2,0,6,BENIGN
07/07/2017 01:03:18 PM,6,6164,1281.635301752109,3.8935756002595716,268,466911,3338,0,24,0,1448,329,292617,2,2,0,6,BENIGN
07/07/2017 01:04:49 PM,17,1,132000.0,2000.0,1,1,1,1,2,66,66,66,0,0,0,0,0,BENIGN
07/07/2017 01:04:20 PM,6,4929,1602.759180361128,4.869141813755325,214,295257,2652,0,24,0,1448,329,292617,2,2,0,6,BENIGN
07/07/2017 01:05:22 PM,6,6328,1248.4197218710492,3.7926675094816686,275,177082,1557,0,24,0,1448,329,292617,2,2,0,6,BENIGN
07/07/2017 01:05:18 PM,17,970,272.16494845360825,4.123711340206185,323,313633,970,0,4,66,66,66,0,0,0,0,0,BENIGN
07/07/2017 01:06:24 PM,6,6859,1151.7713952471206,3.4990523399912523,298,203573,1550,0,24,0,1448,329,292617,2,2,0,6,BENIGN
07/07/2017 01:07:29 PM,6,3575,1282.5174825174824,5.594405594405594,188,71369,824,0,20,0,1448,229,203453,2,2,0,5,BENIGN
07/07/2017 01:08:32 PM,6,1654,4776.299879081016,13.301088270858525,78,12000,467,0,22,0,1448,359,309286,2,2,0,6,BENIGN
07/07/2017 01:09:33 PM,6,2997,2635.969302635969,8.008008008008009,130,24248,662,0,24,0,1448,329,292947,2,2,0,6,BENIGN
07/07/2017 01:09:49 PM,17,1314,200.91324200913243,3.0441400304414,438,575532,1314,0,4,66,66,66,0,0,0,0,0,BENIGN
07/07/2017 01:10:36 PM,6,1559,5067.350865939705,14.753046824887749,70,9568,421,0,23,0,1448,343,301041,2,2,0,6,BENIGN
07/07/2017 01:10:49 PM,17,1002,263.47305389221555,3.992015968063872,334,334668,1002,0,4,66,66,66,0,0,0,0,0,BENIGN
07/07/2017 01:11:37 PM,6,1388,3303.314121037464,14.409221902017292,73,9521,391,0,20,0,1448,229,203281,2,2,0,5,BENIGN
07/07/2017 01:12:38 PM,6,3753,1221.689315214495,5.329070077271516,197,90797,1139,0,20,0,1448,229,203285,2,2,0,5,BENIGN
07/07/2017 01:13:40 PM,6,2696,2930.26706231454,8.160237388724036,128,50703,1060,0,22,0,1953,359,378908,2,2,0,6,BENIGN
07/07/2017 01:13:03 PM,17,1001,263.7362637362637,3.996003996003996,333,333833,1001,0,4,66,66,66,0,0,0,0,0,BENIGN
07/07/2017 01:14:41 PM,6,3035,2602.9654036243824,7.907742998352553,131,64504,1234,0,24,0,1448,329,292617,2,2,0,6,BENIGN
07/07/2017 01:15:42 PM,6,2678,2949.9626587005228,8.588498879761016,121,25628,622,0,23,0,1448,343,300738,2,2,0,6,BENIGN
07/07/2017 01:16:24 PM,17,1002,263.47305389221555,3.992015968063872,334,334668,1002,0,4,66,66,66,0,0,0,0,0,BENIGN
07/07/2017 01:16:44 PM,6,2952,2676.1517615176153,8.130081300813009,128,40146,946,0,24,0,1448,329,292617,2,2,0,6,BENIGN
07/07/2017 01:17:45 PM,6,3397,2325.5813953488373,7.065057403591404,147,23057,614,0,24,0,1448,329,292617,2,2,0,6,BENIGN
07/07/2017 01:18:47 PM,6,3836,2059.436913451512,6.256517205422315,166,29079,596,0,24,0,1448,329,292617,2,2,0,6,BENIGN
07/07/2017 01:19:49 PM,6,4239,1863.647086577023,5.425807973578674,192,79742,1026,0,23,0,1448,343,300868,2,2,0,6,BENIGN
07/07/2017 01:20:51 PM,6,4099,1927.2993413027568,5.61112466455233,186,74489,1164,0,23,0,1448,343,300738,2,2,0,6,BENIGN
07/07/2017 01:21:20 PM,17,1001,263.7362637362637,3.996003996003996,333,333833,1001,0,4,66,66,66,0,0,0,0,0,BENIGN
07/07/2017 01:21:53 PM,6,3367,2346.3023463023465,7.128007128007128,146,41368,809,0,24,0,1448,329,292617,2,2,0,6,BENIGN
07/07/2017 01:22:54 PM,6,4888,1616.20294599018,4.909983633387888,212,120607,1384,0,24,0,1448,329,292617,2,2,0,6,BENIGN
07/07/2017 01:23:56 PM,6,4793,1648.2370123096182,4.798664719382432,217,182400,1975,0,23,0,1448,343,300868,2,2,0,6,BENIGN
07/07/2017 01:24:57 PM,6,5820,1357.3883161512028,4.123711340206185,253,115660,1390,0,24,0,1448,329,292617,2,2,0,6,BENIGN
07/07/2017 01:26:00 PM,6,3939,2005.5851739020056,5.839045443005839,179,122317,1664,0,23,0,1448,343,300738,2,2,0,6,BENIGN
07/07/2017 01:27:02 PM,6,3246,2433.764633394948,7.085643869377695,147,64744,1192,0,23,0,1448,343,300868,2,2,0,6,BENIGN
07/07/2017 01:28:03 PM,6,4340,1820.2764976958526,5.299539170506913,197,202657,2137,0,23,0,1448,343,300868,2,2,0,6,BENIGN
07/07/2017 01:29:04 PM,6,4661,1694.915254237288,4.934563398412358,211,373050,2913,0,23,0,1448,343,300738,2,2,0,6,BENIGN
07/07/2017 01:30:06 PM,6,4107,1923.5451667884101,5.843681519357195,178,49178,852,0,24,0,1448,329,292617,2,2,0,6,BENIGN
07/07/2017 01:31:09 PM,6,1914,4127.48171368861,12.016718913270637,87,8650,332,0,23,0,1448,343,300738,2,2,0,6,BENIGN
07/07/2017 01:32:10 PM,6,1889,4182.106934886183,11.646373742721016,89,10234,321,0,22,0,1448,359,309286,2,2,0,6,BENIGN
07/07/2017 01:33:11 PM,6,2322,3402.2394487510765,10.335917312661499,100,22370,589,0,24,0,1448,329,293287,2,2,0,6,BENIGN
07/07/2017 01:34:14 PM,6,2692,2934.6210995542347,8.915304606240714,117,30820,706,0,24,0,1448,329,293514,2,2,0,6,BENIGN
07/07/2017 01:35:17 PM,6,1321,5980.3179409538225,18.168054504163514,57,5503,261,0,24,0,1448,329,293321,2,2,0,6,BENIGN
07/07/2017 01:36:19 PM,6,3128,2525.5754475703325,7.672634271099744,136,48247,706,0,24,0,1448,329,293205,2,2,0,6,BENIGN
07/07/2017 01:37:22 PM,6,4587,1722.258556790931,5.232177894048398,199,127723,1360,0,24,0,1448,329,292760,2,2,0,6,BENIGN
07/07/2017 01:38:24 PM,6,3650,2164.3835616438355,5.7534246575342465,182,212502,2111,0,21,0,1953,376,391205,2,2,0,6,BENIGN
07/07/2017 01:39:25 PM,6,4332,1823.6380424746076,5.078485687903971,206,79467,973,0,22,0,3401,359,648288,2,2,0,6,BENIGN
07/07/2017 01:40:28 PM,6,5757,1372.2424874066353,4.168837936425222,250,203526,1694,0,24,0,1448,329,292617,2,2,0,6,BENIGN
07/07/2017 01:37:08 PM,17,1,504000.0,4000.0,0,0,1,0,4,89,163,126,1841,0,0,0,0,BENIGN
07/07/2017 01:41:30 PM,6,4834,1634.2573438146462,4.757964418700869,219,486967,3328,0,23,0,1448,343,300868,2,2,0,6,BENIGN
07/07/2017 01:42:31 PM,6,7038,1122.4779766979254,3.2679738562091503,319,314752,2046,0,23,0,1953,343,367306,2,2,0,6,BENIGN
07/07/2017 01:43:33 PM,6,6760,1168.6390532544378,3.5502958579881656,293,677611,4018,0,24,0,1448,329,292617,2,2,0,6,BENIGN
07/07/2017 01:44:34 PM,6,6991,1130.024316978973,3.003862108425118,349,1225369,5029,0,21,0,3401,376,673932,2,2,0,6,BENIGN
07/07/2017 01:45:35 PM,6,7225,1093.4256055363321,3.3217993079584773,314,792652,4349,0,24,0,1448,329,292617,2,2,0,6,BENIGN
07/07/2017 01:44:08 PM,17,1001,263.7362637362637,3.996003996003996,333,333833,1001,0,4,66,66,66,0,0,0,0,0,BENIGN
07/07/2017 01:46:37 PM,6,5598,1411.2182922472311,4.108610217934976,254,793737,4232,0,23,0,1448,343,300738,2,2,0,6,BENIGN
07/07/2017 01:47:38 PM,6,5645,1399.468556244464,3.8972542072630647,268,841029,4259,0,22,0,1448,359,309286,2,2,0,6,BENIGN
07/07/2017 01:48:39 PM,6,6366,1240.9676405906378,3.770028275212064,276,263163,2263,0,24,0,1448,329,292617,2,2,0,6,BENIGN
07/07/2017 01:49:43 PM,6,4882,1618.189266693978,4.916018025399427,212,100303,1376,0,24,0,1448,329,292617,2,2,0,6,BENIGN
07/07/2017 01:50:45 PM,6,3592,2199.3318485523387,6.403118040089087,163,178153,2015,0,23,0,1448,343,300738,2,2,0,6,BENIGN
07/07/2017 01:51:46 PM,6,5445,1450.872359963269,4.40771349862259,236,151828,1689,0,24,0,1448,329,292617,2,2,0,6,BENIGN
07/07/2017 01:52:48 PM,6,6243,1265.41726733942,3.684126221367932,283,731379,4089,0,23,0,2896,343,491423,2,2,0,6,BENIGN
07/07/2017 01:53:49 PM,6,8884,889.2390814948221,2.7014858171994596,386,1187821,5217,0,24,0,1448,329,292617,2,2,0,6,BENIGN
07/07/2017 01:54:50 PM,6,8966,881.1064019629712,2.565246486727638,407,1472672,5772,0,23,0,1448,343,300738,2,2,0,6,BENIGN
07/07/2017 01:55:52 PM,6,9504,831.2289562289562,2.525252525252525,413,1110704,5080,0,24,0,1448,329,292617,2,2,0,6,BENIGN
07/07/2017 09:56:17 AM,17,3139,95.57183816502071,1.9114367633004141,627,740477,1625,0,6,50,50,50,0,0,0,0,0,BENIGN
07/07/2017 01:56:54 PM,6,9679,816.2000206632916,2.3762785411716085,439,2397498,7346,0,23,0,1448,343,300868,2,2,0,6,BENIGN
07/07/2017 01:57:55 PM,6,10445,756.3427477261848,2.2020105313547154,474,3030346,8248,0,23,0,1448,343,300868,2,2,0,6,BENIGN
07/07/2017 01:58:57 PM,6,9679,816.2000206632916,2.2729620828597996,460,2456056,7243,0,22,0,2896,359,508915,2,2,0,6,BENIGN
07/07/2017 01:59:59 PM,6,9756,809.7580975809758,2.4600246002460024,424,1990929,6852,0,24,0,1448,329,292617,2,2,0,6,BENIGN
07/07/2017 01:57:08 PM,17,4655,172.71750805585393,2.1482277121374866,517,603732,1656,0,10,50,163,80,2238,0,0,0,0,BENIGN
07/07/2017 02:01:00 PM,6,10127,780.0928211711267,2.07366446134097,506,3276342,8178,0,21,0,2896,376,527735,2,2,0,6,BENIGN
07/07/2017 02:02:01 PM,6,9818,804.6445304542676,2.342635974740273,446,2002609,6606,0,23,0,1448,343,300738,2,2,0,6,BENIGN
07/07/2017 02:03:04 PM,6,7937,995.3382890260804,2.7718281466549075,377,1787821,6199,0,22,0,1448,359,309286,2,2,0,6,BENIGN
07/07/2017 02:04:05 PM,6,7855,1005.7288351368555,2.800763844684914,374,1767310,6163,0,22,0,1448,359,309286,2,2,0,6,BENIGN
07/07/2017 02:05:07 PM,6,9075,870.5234159779615,2.644628099173554,394,1292567,5541,0,24,0,1448,329,292617,2,2,0,6,BENIGN
07/07/2017 02:05:18 PM,17,1001,263.7362637362637,3.996003996003996,333,333833,1001,0,4,66,66,66,0,0,0,0,0,BENIGN
07/07/2017 02:06:10 PM,6,9008,876.9982238010657,2.553285968028419,409,397367,2676,0,23,0,1953,343,367306,2,2,0,6,BENIGN
07/07/2017 02:07:14 PM,6,7639,1034.166775755989,3.141772483309334,332,217091,1645,0,24,0,1448,329,292617,2,2,0,6,BENIGN
07/07/2017 02:08:18 PM,6,6258,1262.3841482901885,3.8350910834132312,272,268488,2398,0,24,0,1448,329,292617,2,2,0,6,BENIGN
07/07/2017 02:09:20 PM,6,5836,1353.6668951336533,3.9410555174777246,265,746459,4116,0,23,0,1448,343,300738,2,2,0,6,BENIGN
07/07/2017 02:09:48 PM,17,1354,194.9778434268833,2.9542097488921715,451,611105,1354,0,4,66,66,66,0,0,0,0,0,BENIGN
07/07/2017 02:10:22 PM,6,4600,1717.391304347826,4.782608695652174,219,402782,2954,0,22,0,1448,359,309286,2,2,0,6,BENIGN
07/07/2017 02:10:49 PM,17,1001,263.7362637362637,3.996003996003996,333,333833,1001,0,4,66,66,66,0,0,0,0,0,BENIGN
07/07/2017 02:11:23 PM,6,5412,1459.719142645972,4.249815225424982,246,399370,2965,0,23,0,1448,343,300738,2,2,0,6,BENIGN
07/07/2017 02:11:59 PM,17,9215,33.64080303852415,0.43407487791644056,3071,28303872,9215,0,4,66,89,77,181,0,0,0,0,BENIGN
07/07/2017 02:12:24 PM,6,6879,1148.4227358627707,3.343509230992877,312,834418,4347,0,23,0,1448,343,300868,2,2,0,6,BENIGN
07/07/2017 02:12:27 PM,17,1001,263.7362637362637,3.996003996003996,333,333833,1001,0,4,66,66,66,0,0,0,0,0,BENIGN
07/07/2017 02:13:25 PM,6,7249,1089.8054904124706,3.0349013657056148,345,1307509,5313,0,22,0,1953,359,379075,2,2,0,6,BENIGN
07/07/2017 02:13:28 PM,17,1001,263.7362637362637,3.996003996003996,333,333833,1001,0,4,66,66,66,0,0,0,0,0,BENIGN
07/07/2017 02:14:26 PM,6,7650,1032.6797385620914,2.8758169934640523,364,1826998,6256,0,22,0,1448,359,309286,2,2,0,6,BENIGN
07/07/2017 02:15:27 PM,6,8890,888.6389201349831,2.699662542182227,386,373110,2188,0,24,0,1448,329,292617,2,2,0,6,BENIGN
07/07/2017 02:16:24 PM,17,1001,263.7362637362637,3.996003996003996,333,333833,1001,0,4,66,66,66,0,0,0,0,0,BENIGN
07/07/2017 02:16:33 PM,6,4444,1777.6777677767777,5.4005400540054005,193,88233,1390,0,24,0,1448,329,292617,2,2,0,6,BENIGN
07/07/2017 02:17:35 PM,6,4144,1906.3706563706564,5.7915057915057915,180,204248,2214,0,24,0,1448,329,292617,2,2,0,6,BENIGN
07/07/2017 02:18:36 PM,6,3661,2157.880360557225,6.009287080032778,174,253223,2353,0,22,0,1448,359,309286,2,2,0,6,BENIGN
07/07/2017 02:19:37 PM,6,4540,1740.0881057268723,5.066079295154185,206,226016,2238,0,23,0,1448,343,300868,2,2,0,6,BENIGN
07/07/2017 02:17:08 PM,17,1,504000.0,4000.0,0,0,1,0,4,89,163,126,1841,0,0,0,0,BENIGN
07/07/2017 02:20:38 PM,6,4865,1623.8437821171633,4.522096608427543,231,439635,3097,0,22,0,1448,359,309286,2,2,0,6,BENIGN
07/07/2017 02:21:20 PM,17,1001,263.7362637362637,3.996003996003996,333,333833,1001,0,4,66,66,66,0,0,0,0,0,BENIGN
07/07/2017 02:21:39 PM,6,5803,1361.3648113044976,4.135791831811132,252,173444,1714,0,24,0,1448,329,292617,2,2,0,6,BENIGN
07/07/2017 02:22:42 PM,6,4877,1619.848267377486,4.921058027475907,212,220397,2193,0,24,0,1448,329,292617,2,2,0,6,BENIGN
07/07/2017 02:23:43 PM,6,5420,1457.5645756457563,4.243542435424354,246,395720,2942,0,23,0,1448,343,300738,2,2,0,6,BENIGN
07/07/2017 02:24:44 PM,6,5986,1319.7460741730706,4.009355162044771,260,716003,4128,0,24,0,1448,329,292617,2,2,0,6,BENIGN
07/07/2017 02:25:45 PM,6,6740,1172.106824925816,3.5608308605341246,293,553780,3623,0,24,0,1448,329,292617,2,2,0,6,BENIGN
07/07/2017 02:26:47 PM,6,6195,1275.2219531880548,3.712671509281679,281,553650,3568,0,23,0,2896,343,491423,2,2,0,6,BENIGN
07/07/2017 02:27:49 PM,6,6177,1278.937995790837,3.885381253035454,268,612134,3823,0,24,0,1448,329,292617,2,2,0,6,BENIGN
07/07/2017 02:28:50 PM,6,6124,1289.8432397126062,3.9190071848465053,266,458675,3297,0,24,0,1448,329,292611,2,2,0,6,BENIGN
07/07/2017 02:29:52 PM,6,4748,1663.8584667228306,4.844144903117102,215,377313,2925,0,23,0,1448,343,300738,2,2,0,6,BENIGN
07/07/2017 02:30:53 PM,6,5007,1577.7910924705413,4.593569003395246,227,446960,3182,0,23,0,1448,343,300738,2,2,0,6,BENIGN
07/07/2017 02:31:08 PM,17,17,207882.35294117648,470.5882352941176,2,39,16,0,8,89,1454,441,390562,0,0,0,0,BENIGN
07/07/2017 02:31:54 PM,6,6794,1162.7906976744187,3.532528701795702,295,237370,2155,0,24,0,1448,329,292617,2,2,0,6,BENIGN
07/07/2017 02:32:56 PM,6,6007,1315.1323455968038,3.8288663226236057,273,559714,3561,0,23,0,1448,343,300738,2,2,0,6,BENIGN
07/07/2017 02:33:58 PM,6,4862,1624.8457424928013,4.730563554092966,221,481568,3311,0,23,0,1448,343,300868,2,2,0,6,BENIGN
07/07/2017 02:34:59 PM,6,4667,1692.7362331262052,4.713949003642597,222,502175,3302,0,22,0,1448,359,309286,2,2,0,6,BENIGN
07/07/2017 02:36:01 PM,6,11428,691.2845642282114,2.1001050052502626,496,823307,3281,0,24,0,1448,329,292913,2,2,0,6,BENIGN
07/07/2017 02:37:08 PM,6,7724,1022.7861211807353,3.1071983428275507,335,418973,3077,0,24,0,1448,329,292617,2,2,0,6,BENIGN
07/07/2017 02:38:10 PM,6,6953,1136.2002013519343,3.451747447145117,302,980369,4816,0,24,0,1448,329,292617,2,2,0,6,BENIGN
07/07/2017 02:39:11 PM,6,7137,1106.9076642847135,3.082527672691607,339,1300943,5284,0,22,0,1448,359,309286,2,2,0,6,BENIGN
07/07/2017 02:40:12 PM,6,7265,1087.4053682037165,3.3035099793530627,315,1180211,5276,0,24,0,1448,329,292617,2,2,0,6,BENIGN
07/07/2017 02:41:13 PM,6,8502,929.1931310279934,2.7052458245118793,386,1747469,6272,0,23,0,1448,343,300868,2,2,0,6,BENIGN
07/07/2017 02:42:15 PM,6,7720,1023.3160621761658,3.1088082901554404,335,864856,4466,0,24,0,1448,329,292617,2,2,0,6,BENIGN
07/07/2017 02:43:18 PM,6,6405,1233.4113973458236,3.590944574551132,291,784513,4215,0,23,0,1448,343,300868,2,2,0,6,BENIGN
07/07/2017 02:44:19 PM,6,7072,1117.0814479638009,3.3936651583710407,307,795816,4360,0,24,0,1448,329,292617,2,2,0,6,BENIGN
07/07/2017 02:45:21 PM,6,6438,1227.0891581236408,3.7278657968313142,279,706605,4109,0,24,0,1448,329,292617,2,2,0,6,BENIGN
07/07/2017 02:46:22 PM,6,6711,1177.1718074802563,3.278199970198182,319,1108536,4899,0,22,0,1953,359,378887,2,2,0,6,BENIGN
07/07/2017 02:47:23 PM,6,7861,1004.9612008650299,2.9258364075817327,357,1050544,4874,0,23,0,2896,343,491407,2,2,0,6,BENIGN
07/07/2017 02:48:25 PM,6,7719,1023.448633242648,3.109211037699184,335,896008,4614,0,24,0,1448,329,292617,2,2,0,6,BENIGN
07/07/2017 02:49:27 PM,6,7062,1118.6632681959784,3.2568677428490513,321,1194789,5203,0,23,0,1448,343,300868,2,2,0,6,BENIGN
07/07/2017 02:50:28 PM,6,8520,927.2300469483569,2.699530516431925,387,1175154,5096,0,23,0,1448,343,300868,2,2,0,6,BENIGN
07/07/2017 02:51:29 PM,6,8589,919.7811153801374,2.6778437536383746,390,1662283,6081,0,23,0,1448,343,300738,2,2,0,6,BENIGN
07/07/2017 02:52:31 PM,6,7708,1024.9091852620654,2.9839128178515826,350,1664729,6116,0,23,0,1448,343,300868,2,2,0,6,BENIGN
07/07/2017 02:53:32 PM,6,8678,910.3480064530997,2.650380271952063,394,1616110,6054,0,23,0,1448,343,300868,2,2,0,6,BENIGN
07/07/2017 02:54:34 PM,6,8058,980.3921568627451,2.9784065524944157,350,1164350,5257,0,24,0,1448,329,292617,2,2,0,6,BENIGN
07/07/2017 02:55:36 PM,6,7846,1006.8824878919195,2.9314300280397654,356,1268881,5344,0,23,0,1448,343,300868,2,2,0,6,BENIGN
07/07/2017 02:56:37 PM,6,8690,909.0909090909091,2.761795166858458,377,982635,4807,0,24,0,1448,329,292617,2,2,0,6,BENIGN
07/07/2017 02:57:39 PM,6,7655,1032.005225342913,2.743305029392554,382,1986209,6361,0,21,0,2896,376,527849,2,2,0,6,BENIGN
07/07/2017 02:58:40 PM,6,7686,1027.8428311215196,2.992453812125943,349,1805160,6355,0,23,0,1448,343,300868,2,2,0,6,BENIGN
07/07/2017 02:59:41 PM,6,8438,936.2408153590899,2.844275894761792,366,1418180,5799,0,24,0,1448,329,292617,2,2,0,6,BENIGN
07/07/2017 03:00:42 PM,6,9959,793.2523345717442,2.3094688221709005,452,2077633,6865,0,23,0,1953,343,367306,2,2,0,6,BENIGN
07/07/2017 03:01:43 PM,6,9609,822.1459048808409,2.289520241440316,457,3236009,8301,0,22,0,1448,359,309286,2,2,0,6,BENIGN
07/07/2017 03:02:44 PM,6,9862,801.0545528290407,2.4335834516325288,428,2651525,7887,0,24,0,1448,329,292617,2,2,0,6,BENIGN
07/07/2017 03:03:45 PM,6,9826,803.9894158355384,2.3407286790148585,446,2008882,6702,0,23,0,1448,343,300738,2,2,0,6,BENIGN
07/07/2017 03:04:48 PM,6,8366,944.2983504661726,2.749223045661009,380,1795243,6358,0,23,0,1448,343,300868,2,2,0,6,BENIGN
07/07/2017 03:05:49 PM,6,12573,628.3305495903921,1.90885230255309,546,1382658,5348,0,24,0,1448,329,292617,2,2,0,6,BENIGN
07/07/2017 03:05:18 PM,17,1001,263.7362637362637,3.996003996003996,333,333833,1001,0,4,66,66,66,0,0,0,0,0,BENIGN
07/07/2017 03:06:53 PM,6,11145,708.838043965904,2.063705697622252,506,2619489,7677,0,23,0,1448,343,300868,2,2,0,6,BENIGN
07/07/2017 03:07:55 PM,6,12879,613.401661619691,1.785852938892771,585,3209518,8335,0,23,0,1448,343,300868,2,2,0,6,BENIGN
07/07/2017 03:08:56 PM,6,12944,610.3213844252164,1.6996291718170582,616,6063084,11356,0,22,0,1448,359,309286,2,2,0,6,BENIGN
07/07/2017 03:09:57 PM,6,12680,623.0283911671925,1.8138801261829653,576,5762619,11319,0,23,0,1448,343,300868,2,2,0,6,BENIGN
07/07/2017 03:10:58 PM,6,12993,608.0197029169553,1.7701839452012622,590,5782681,11350,0,23,0,1448,343,300868,2,2,0,6,BENIGN
07/07/2017 03:10:49 PM,17,1001,263.7362637362637,3.996003996003996,333,333833,1001,0,4,66,66,66,0,0,0,0,0,BENIGN
07/07/2017 03:11:59 PM,6,12786,617.8632879712185,1.7988424839668387,581,5589579,11160,0,23,0,1448,343,300868,2,2,0,6,BENIGN
07/07/2017 03:13:00 PM,6,12678,623.126676131882,1.8141662722826943,576,4366194,9906,0,23,0,1448,343,300738,2,2,0,6,BENIGN
07/07/2017 03:14:02 PM,6,11684,676.1383087983568,1.8829168093118795,556,4968409,10280,0,22,0,1448,359,309286,2,2,0,6,BENIGN
07/07/2017 03:13:03 PM,17,1001,263.7362637362637,3.996003996003996,333,333833,1001,0,4,66,66,66,0,0,0,0,0,BENIGN
07/07/2017 03:15:03 PM,6,13241,596.631674344838,1.8125519220602673,575,3716089,9362,0,24,0,1448,329,292617,2,2,0,6,BENIGN
07/07/2017 03:16:05 PM,6,13095,603.2836960672013,1.8327605956471935,569,4877918,10684,0,24,0,1448,329,292617,2,2,0,6,BENIGN
07/07/2017 03:16:23 PM,17,1001,263.7362637362637,3.996003996003996,333,333833,1001,0,4,66,66,66,0,0,0,0,0,BENIGN
07/07/2017 03:17:07 PM,6,11846,666.8917778152963,1.9415836569306095,538,4668873,10205,0,23,0,1448,343,300868,2,2,0,6,BENIGN
07/07/2017 03:18:08 PM,6,13993,564.5679982848567,1.643678982348317,636,4708522,10256,0,23,0,1448,343,300868,2,2,0,6,BENIGN
07/07/2017 03:19:09 PM,6,14013,563.7622207949761,1.6413330478841077,636,6632060,12159,0,23,0,1448,343,300868,2,2,0,6,BENIGN
07/07/2017 03:20:10 PM,6,13668,577.9923909862453,1.6095990635059994,650,7204289,12361,0,22,0,1448,359,309286,2,2,0,6,BENIGN
07/07/2017 03:21:20 PM,17,1002,263.47305389221555,3.992015968063872,334,334668,1002,0,4,66,66,66,0,0,0,0,0,BENIGN
07/07/2017 03:21:11 PM,6,13735,575.1729159082636,1.7473607571896614,597,5822387,11648,0,24,0,1448,329,292617,2,2,0,6,BENIGN
07/07/2017 03:22:13 PM,6,12954,609.8502393083218,1.8527095877721167,563,3940473,9619,0,24,0,1448,329,292617,2,2,0,6,BENIGN
07/07/2017 03:23:16 PM,6,11648,678.228021978022,1.9745879120879122,529,3892668,9339,0,23,0,1448,343,300868,2,2,0,6,BENIGN
07/07/2017 03:24:17 PM,6,11639,678.7524701434832,2.062032820689063,506,4169081,9861,0,24,0,1448,329,292617,2,2,0,6,BENIGN
07/07/2017 03:25:18 PM,6,11641,678.6358560261145,1.9757752770380552,529,4715629,10247,0,23,0,1448,343,300738,2,2,0,6,BENIGN
07/07/2017 03:26:19 PM,6,11694,675.5601162989567,1.9668205917564563,531,4727594,10262,0,23,0,1448,343,300738,2,2,0,6,BENIGN
07/07/2017 03:27:20 PM,6,12054,655.3841048614568,1.991040318566451,524,3766407,9387,0,24,0,1448,329,292617,2,2,0,6,BENIGN
07/07/2017 03:28:22 PM,6,11597,681.2106579287747,1.9832715357420023,527,3852799,9289,0,23,0,1448,343,300868,2,2,0,6,BENIGN
07/07/2017 03:29:23 PM,6,11598,681.1519227453009,1.9831005345749266,527,3826620,9268,0,23,0,1448,343,300738,2,2,0,6,BENIGN
07/07/2017 03:30:25 PM,6,10731,736.1848849128693,2.1433230826577208,487,3169270,8431,0,23,0,1448,343,300738,2,2,0,6,BENIGN
07/07/2017 03:31:27 PM,6,10231,772.1630339165282,2.150327436223243,487,3224616,8304,0,22,0,2896,359,509106,2,2,0,6,BENIGN
07/07/2017 03:32:28 PM,6,10657,741.296800225204,2.0643708360701885,507,3747986,8947,0,22,0,1448,359,309286,2,2,0,6,BENIGN
07/07/2017 03:33:29 PM,6,10634,742.9001316531879,2.0688358096671053,506,4035917,9269,0,22,0,1448,359,309286,2,2,0,6,BENIGN
07/07/2017 03:34:30 PM,6,10774,733.2467050306293,2.0419528494523855,513,2350786,7090,0,22,0,1953,359,378908,2,2,0,6,BENIGN
07/07/2017 03:35:34 PM,6,12334,640.5059185989946,1.9458407653640344,536,1073651,4534,0,24,0,1448,329,292617,2,2,0,6,BENIGN
07/07/2017 03:36:37 PM,6,10597,745.494007738039,2.0760592620552987,504,4092030,9327,0,22,0,1448,359,309286,2,2,0,6,BENIGN
07/07/2017 03:37:38 PM,6,10604,745.0018860807243,2.074688796680498,504,4083949,9319,0,22,0,1448,359,309286,2,2,0,6,BENIGN
07/07/2017 03:38:40 PM,6,9612,821.8893050353724,2.39284228048273,436,1556797,5761,0,23,0,1448,343,300738,2,2,0,6,BENIGN
07/07/2017 03:39:43 PM,6,8280,954.1062801932367,2.7777777777777777,376,1617399,6044,0,23,0,1448,343,300868,2,2,0,6,BENIGN
07/07/2017 03:40:44 PM,6,9878,799.7570358372141,2.3284065600323953,449,993948,4582,0,23,0,2896,343,491423,2,2,0,6,BENIGN
07/07/2017 03:41:48 PM,6,7242,1090.8588787627727,3.3140016570008286,314,744273,4225,0,24,0,1448,329,292617,2,2,0,6,BENIGN
07/07/2017 03:42:50 PM,6,5631,1402.9479666133902,3.9069437044929853,268,783687,4114,0,22,0,1448,359,309286,2,2,0,6,BENIGN
07/07/2017 03:43:51 PM,6,5598,1411.2182922472311,4.108610217934976,254,695363,3968,0,23,0,1448,343,300738,2,2,0,6,BENIGN
07/07/2017 03:44:52 PM,6,6019,1312.5103837846818,3.821232762917428,273,801373,4260,0,23,0,1448,343,300868,2,2,0,6,BENIGN
07/07/2017 03:45:53 PM,6,7115,1110.3302881236823,3.232607167955025,323,738506,4093,0,23,0,1448,343,300868,2,2,0,6,BENIGN
07/07/2017 03:46:54 PM,6,6640,1189.7590361445782,3.3132530120481927,316,1294329,5272,0,22,0,1448,359,309286,2,2,0,6,BENIGN
07/07/2017 03:47:56 PM,6,5607,1408.9530943463528,4.1020153379703945,254,612635,3741,0,23,0,1448,343,300738,2,2,0,6,BENIGN
07/07/2017 03:48:58 PM,6,4649,1699.2901699290169,4.947300494730049,211,374305,2928,0,23,0,1448,343,300738,2,2,0,6,BENIGN
07/07/2017 03:49:59 PM,6,5287,1494.2311329676565,4.350293171931152,240,477289,3304,0,23,0,1448,343,300868,2,2,0,6,BENIGN
07/07/2017 03:51:00 PM,6,6256,1262.7877237851662,3.516624040920716,297,878965,4343,0,22,0,1448,359,309286,2,2,0,6,BENIGN
07/07/2017 03:52:01 PM,6,6623,1192.8129246565002,3.321757511701646,315,1313819,5310,0,22,0,1448,359,309286,2,2,0,6,BENIGN
07/07/2017 03:53:02 PM,6,6613,1194.6166641463783,3.326780583698775,314,1263385,5210,0,22,0,1448,359,309286,2,2,0,6,BENIGN
07/07/2017 03:54:01 PM,17,1002,263.47305389221555,3.992015968063872,334,334668,1002,0,4,66,66,66,0,0,0,0,0,BENIGN
07/07/2017 03:54:03 PM,6,6617,1193.8945141302704,3.173643645156415,330,1358486,5275,0,21,0,2896,376,527849,2,2,0,6,BENIGN
07/07/2017 03:55:04 PM,6,6638,1190.1175052726726,3.46489906598373,301,641032,3808,0,23,0,1448,343,300738,2,2,0,6,BENIGN
07/07/2017 03:56:06 PM,6,6287,1256.5611579449658,3.8174009861619216,273,441242,3235,0,24,0,1448,329,292617,2,2,0,6,BENIGN
07/07/2017 03:54:31 PM,17,1001,263.7362637362637,3.996003996003996,333,333833,1001,0,4,66,66,66,0,0,0,0,0,BENIGN
07/07/2017 03:57:08 PM,6,6626,1192.272864473287,3.3202535466344703,315,1316022,5311,0,22,0,1448,359,309286,2,2,0,6,BENIGN
07/07/2017 03:58:09 PM,6,6820,1158.357771260997,3.372434017595308,310,857753,4418,0,23,0,1448,343,300738,2,2,0,6,BENIGN
07/07/2017 03:59:11 PM,6,5926,1332.9395882551469,4.049949375632805,257,445746,3267,0,24,0,1448,329,292611,2,2,0,6,BENIGN
07/07/2017 03:57:08 PM,17,1,504000.0,4000.0,0,0,1,0,4,89,163,126,1841,0,0,0,0,BENIGN
07/07/2017 04:00:13 PM,6,4938,1599.8379910895098,4.455245038477116,235,517292,3349,0,22,0,1448,359,309286,2,2,0,6,BENIGN
07/07/2017 04:01:14 PM,6,4653,1697.8293574038255,4.7281323877068555,221,520614,3354,0,22,0,1448,359,309286,2,2,0,6,BENIGN
07/07/2017 04:02:15 PM,6,4600,1717.391304347826,4.782608695652174,219,502465,3300,0,22,0,1448,359,309286,2,2,0,6,BENIGN
07/07/2017 04:03:16 PM,6,4604,1715.8992180712423,4.995655951346655,209,297640,2579,0,23,0,1448,343,300738,2,2,0,6,BENIGN
07/07/2017 04:04:19 PM,6,3024,2612.4338624338625,6.944444444444445,151,48604,995,0,21,0,3401,376,747273,2,2,0,6,BENIGN
07/07/2017 04:05:20 PM,6,2977,2653.678199529728,8.061807188444742,129,47925,1079,0,24,0,1448,329,292617,2,2,0,6,BENIGN
07/07/2017 04:05:18 PM,17,1002,263.47305389221555,3.992015968063872,334,334668,1002,0,4,66,66,66,0,0,0,0,0,BENIGN
07/07/2017 04:06:21 PM,6,2672,2956.5868263473053,8.233532934131736,127,67492,1225,0,22,0,1448,359,309286,2,2,0,6,BENIGN
07/07/2017 04:07:22 PM,6,5991,1318.6446336170923,4.006009013520281,260,98207,994,0,24,0,1448,329,292617,2,2,0,6,BENIGN
07/07/2017 04:08:25 PM,6,3572,2211.646136618141,6.438969764837626,162,117902,1614,0,23,0,1448,343,300738,2,2,0,6,BENIGN
07/07/2017 04:09:28 PM,6,1805,2540.1662049861498,11.0803324099723,95,6220,260,0,20,0,1448,229,203453,2,2,0,5,BENIGN
07/07/2017 04:10:30 PM,6,1427,5536.089698668536,16.117729502452697,64,8781,406,0,23,0,1953,343,368261,2,2,0,6,BENIGN
07/07/2017 04:10:49 PM,17,978,269.93865030674846,4.08997955010225,326,318828,978,0,4,66,66,66,0,0,0,0,0,BENIGN
07/07/2017 04:11:32 PM,6,729,10836.76268861454,30.17832647462277,34,2470,163,0,22,0,1448,359,310019,2,2,0,6,BENIGN
07/07/2017 04:12:33 PM,6,974,8110.88295687885,23.613963039014372,44,2191,118,0,23,0,1448,343,301610,2,2,0,6,BENIGN
07/07/2017 04:13:34 PM,6,1191,6633.081444164568,20.151133501259444,51,4471,234,0,24,0,1448,329,293498,2,2,0,6,BENIGN
07/07/2017 04:13:03 PM,17,1002,263.47305389221555,3.992015968063872,334,334668,1002,0,4,66,66,66,0,0,0,0,0,BENIGN
07/07/2017 04:14:35 PM,6,846,9338.06146572104,27.18676122931442,38,2772,218,0,23,0,1953,343,368261,2,2,0,6,BENIGN
07/07/2017 04:15:36 PM,6,714,11064.425770308124,29.41176470588235,35,2156,190,0,21,0,1953,376,391745,2,2,0,6,BENIGN
07/07/2017 04:16:23 PM,17,1001,263.7362637362637,3.996003996003996,333,333833,1001,0,4,66,66,66,0,0,0,0,0,BENIGN
07/07/2017 04:16:37 PM,6,742,10646.900269541778,29.649595687331537,35,3314,214,0,22,0,1448,359,310019,2,2,0,6,BENIGN
07/07/2017 04:17:38 PM,6,761,10381.07752956636,28.90932982917214,36,3492,233,0,22,0,1448,359,310043,2,2,0,6,BENIGN
07/07/2017 04:18:39 PM,6,748,10561.497326203209,29.41176470588235,35,2163,132,0,22,0,1448,359,310014,2,2,0,6,BENIGN
07/07/2017 04:19:40 PM,6,1939,4074.26508509541,12.377514182568333,84,26011,644,0,24,0,1448,329,293271,2,2,0,6,BENIGN
07/07/2017 04:20:42 PM,6,1176,6717.687074829932,20.408163265306122,51,3603,198,0,24,0,1448,329,293175,2,2,0,6,BENIGN
07/07/2017 04:21:20 PM,17,1001,263.7362637362637,3.996003996003996,333,333833,1001,0,4,66,66,66,0,0,0,0,0,BENIGN
07/07/2017 04:21:43 PM,6,779,10141.206675224646,29.525032092426187,35,2136,112,0,23,0,1448,343,301436,2,2,0,6,BENIGN
07/07/2017 04:22:44 PM,6,1447,5459.571527297858,16.5860400829302,62,10061,359,0,24,0,1448,329,293546,2,2,0,6,BENIGN
07/07/2017 04:23:46 PM,6,1465,5392.491467576791,14.334470989761092,73,9543,444,0,21,0,3401,376,884284,2,2,0,6,BENIGN
07/07/2017 04:24:48 PM,6,753,10491.36786188579,29.216467463479415,35,2965,219,0,22,0,1448,359,310014,2,2,0,6,BENIGN
07/07/2017 04:25:46 PM,17,1001,263.7362637362637,3.996003996003996,333,333833,1001,0,4,66,66,66,0,0,0,0,0,BENIGN
07/07/2017 04:25:49 PM,6,739,10690.121786197564,29.76995940460081,35,2936,195,0,22,0,1448,359,310022,2,2,0,6,BENIGN
07/07/2017 04:26:16 PM,17,5764,68.70229007633588,1.040943789035392,1152,4260220,4763,0,6,66,66,66,0,0,0,0,0,BENIGN
07/07/2017 04:27:08 PM,17,13081,33.7894656371837,0.45868052901154344,2616,28348648,12111,0,6,66,89,73,148,0,0,0,0,BENIGN
07/07/2017 04:26:50 PM,6,843,9371.293001186239,27.283511269276392,38,2663,173,0,23,0,1448,343,301370,2,2,0,6,BENIGN
07/07/2017 04:27:51 PM,6,958,8246.346555323591,25.052192066805844,41,2745,180,0,24,0,1448,329,293500,2,2,0,6,BENIGN
07/07/2017 04:28:52 PM,6,1346,5869.242199108469,17.830609212481427,58,12991,532,0,24,0,1448,329,293399,2,2,0,6,BENIGN
07/07/2017 04:29:54 PM,6,791,9987.357774968394,27.81289506953224,37,2192,127,0,22,0,1448,359,310038,2,2,0,6,BENIGN
07/07/2017 04:28:44 PM,17,977,270.21494370522004,4.094165813715455,325,318013,977,0,4,66,66,66,0,0,0,0,0,BENIGN
07/07/2017 04:30:55 PM,6,813,9717.09717097171,28.290282902829027,36,2526,207,0,23,0,1448,343,301609,2,2,0,6,BENIGN
07/07/2017 04:31:56 PM,6,760,10394.736842105263,27.63157894736842,38,2143,154,0,21,0,3401,376,674638,2,2,0,6,BENIGN
07/07/2017 04:32:57 PM,6,1872,4220.08547008547,12.820512820512821,81,18131,511,0,24,0,1448,329,293347,2,2,0,6,BENIGN
07/07/2017 04:33:59 PM,6,950,8315.78947368421,24.210526315789473,43,3693,232,0,23,0,1448,343,301614,2,2,0,6,BENIGN
07/07/2017 04:35:00 PM,6,1289,6128.78200155159,18.619084561675717,56,3611,202,0,24,0,1448,329,293359,2,2,0,6,BENIGN
07/07/2017 04:36:01 PM,6,12870,613.8306138306139,1.7871017871017871,585,1074736,4648,0,23,0,1953,343,367306,2,2,0,6,BENIGN
07/07/2017 04:37:08 PM,6,8786,899.1577509674482,2.7316184839517414,382,611598,3672,0,24,0,1448,329,292617,2,2,0,6,BENIGN
07/07/2017 04:38:12 PM,6,7150,1104.8951048951049,3.3566433566433567,310,913182,4635,0,24,0,1448,329,292617,2,2,0,6,BENIGN
07/07/2017 04:39:14 PM,6,6872,1149.592549476135,3.492433061699651,298,485556,3320,0,24,0,1448,329,292617,2,2,0,6,BENIGN
07/07/2017 04:40:16 PM,6,6108,1293.3857236411263,3.9292730844793713,265,782194,4305,0,24,0,1448,329,292617,2,2,0,6,BENIGN
07/07/2017 04:41:17 PM,6,5663,1395.0203072576373,3.708281829419036,283,910476,4325,0,21,0,1953,376,391202,2,2,0,6,BENIGN
07/07/2017 04:42:18 PM,6,5643,1399.9645578592947,3.898635477582846,268,883352,4357,0,22,0,1448,359,309286,2,2,0,6,BENIGN
07/07/2017 04:43:19 PM,6,5594,1412.2273864855201,3.932785126921702,266,858531,4297,0,22,0,1448,359,309286,2,2,0,6,BENIGN
07/07/2017 04:44:20 PM,6,5619,1405.9441181704929,3.9152874176899806,267,858467,4299,0,22,0,1448,359,309286,2,2,0,6,BENIGN
07/07/2017 04:45:21 PM,6,5587,1413.996778235189,3.9377125469840704,266,808044,4176,0,22,0,1448,359,309286,2,2,0,6,BENIGN
07/07/2017 04:46:22 PM,6,5648,1398.7252124645893,3.718130311614731,282,880482,4257,0,21,0,2896,376,527849,2,2,0,6,BENIGN
07/07/2017 04:47:23 PM,6,6505,1214.4504227517295,3.535741737125288,295,707108,3960,0,23,0,1448,343,300738,2,2,0,6,BENIGN
07/07/2017 04:48:24 PM,6,7206,1096.308631695809,3.1917846239245073,327,1187103,5186,0,23,0,1448,343,300868,2,2,0,6,BENIGN
07/07/2017 04:49:25 PM,6,7193,1098.2900041707214,3.197553176699569,326,1219354,5236,0,23,0,1448,343,300738,2,2,0,6,BENIGN
07/07/2017 04:50:26 PM,6,6797,1162.277475356775,3.3838458143298515,308,955280,4630,0,23,0,1448,343,300738,2,2,0,6,BENIGN
07/07/2017 04:51:28 PM,6,5645,1399.468556244464,4.0744021257750225,256,519686,3423,0,23,0,1448,343,300738,2,2,0,6,BENIGN
07/07/2017 04:52:30 PM,6,5433,1454.0769372354132,4.417448923246825,236,358020,2912,0,24,0,1448,329,292617,2,2,0,6,BENIGN
07/07/2017 04:53:31 PM,6,5900,1338.9830508474577,3.8983050847457625,268,733419,4079,0,23,0,1448,343,300868,2,2,0,6,BENIGN
07/07/2017 04:54:32 PM,6,5624,1404.6941678520625,3.9118065433854907,267,841382,4259,0,22,0,1448,359,309286,2,2,0,6,BENIGN
07/07/2017 04:55:33 PM,6,5584,1414.7564469914041,3.9398280802292263,265,465223,3116,0,22,0,1953,359,378908,2,2,0,6,BENIGN
07/07/2017 04:56:35 PM,6,4642,1701.8526497199482,4.954760878931495,211,465634,3251,0,23,0,1448,343,300738,2,2,0,6,BENIGN
07/07/2017 04:57:36 PM,6,5644,1399.7165131112686,4.07512402551382,256,484593,3328,0,23,0,1448,343,300868,2,2,0,6,BENIGN
07/07/2017 04:58:37 PM,6,5939,1330.1902677218386,3.872705842734467,269,814937,4300,0,23,0,1448,343,300868,2,2,0,6,BENIGN
07/07/2017 04:59:38 PM,6,5662,1395.2666902154715,3.885552808194984,269,867028,4322,0,22,0,1448,359,309286,2,2,0,6,BENIGN
07/07/2017 05:00:39 PM,6,5652,1397.735314932767,3.89242745930644,269,828637,4229,0,22,0,1448,359,309286,2,2,0,6,BENIGN
07/07/2017 05:01:40 PM,6,5651,1397.9826579366484,3.893116262608388,269,854716,4292,0,22,0,1448,359,309286,2,2,0,6,BENIGN
